delta_ap,moric_plus,offload_bin
0.0,-0.6153598971722365,0
0.0,-0.6025064267352185,0
1.0,0.8379518072289157,1
0.5,0.8996987951807229,1
0.1666666666666666,0.17921686746987953,1
0.0,-0.007712082262210762,0
0.0,-0.36278920308483287,0
-0.8,-0.7840616966580977,0
0.25,0.5906626506024096,1
0.05,0.46054216867469877,1
0.0,0.025903614457831327,0
0.0194805194805195,0.23373493975903614,1
0.0,-0.11728791773778924,0
0.3775938715567198,0.9548192771084337,1
0.0,0.5858433734939759,0
0.0,-0.2066195372750642,0
0.0,-0.3849614395886889,0
0.0,-0.43862467866323906,0
0.0,-0.16388174807197942,0
0.0,-0.4739717223650386,0
-0.1666666666666667,-0.256426735218509,0
1.0,0.9487951807228916,1
0.0,-0.7805269922879178,0
0.0,-0.2792416452442159,0
0.5,0.6099397590361446,1
0.0,0.014156626506024096,0
0.05,0.8596385542168675,1
0.5,0.8186746987951807,1
0.0918367346938775,0.8533132530120482,1
-0.9166666666666666,-0.9103470437017995,0
0.1666666666666667,0.5671686746987952,1
0.0,0.5033132530120482,0
0.0,-0.1384961439588689,0
0.0,0.33343373493975903,0
0.0,0.536144578313253,0
0.1666666666666667,0.591566265060241,1
0.1666666666666667,0.7975903614457831,1
0.0943376068376069,0.7030120481927711,1
0.2071428571428571,0.05783132530120482,1
0.0,-0.875,0
0.0,-0.6677377892030849,0
0.0,0.15632530120481927,0
0.0995670995670995,0.9620481927710843,1
0.0,0.16415662650602408,0
0.0,-0.1873393316195373,0
0.0,-0.17994858611825193,0
-0.1666666666666666,0.20602409638554217,0
0.0,0.03463855421686747,0
0.1290476190476189,0.8343373493975904,1
0.0333333333333333,0.8057228915662651,1
0.5,0.7373493975903614,1
-0.5,-0.7133676092544987,0
0.0,-0.33965295629820047,0
0.0,-0.4119537275064268,0
0.0,0.21927710843373494,0
0.0,-0.2040488431876607,0
0.0,-0.008354755784061751,0
0.0,0.09608433734939759,0
0.0,-0.605719794344473,0
0.0,-0.22172236503856046,0
0.0,-0.3483290488431876,0
-0.1583333333333333,-0.8126606683804627,0
0.2249999999999999,0.821987951807229,1
0.0,-0.48811053984575836,0
0.1212121212121212,0.7858433734939759,1
0.0,-0.5751928020565553,0
0.0,-0.2300771208226221,0
0.0,-0.10796915167095111,0
0.0,-0.47911311053984573,0
0.359090909090909,0.9042168674698795,1
0.0,-0.6211439588688946,0
0.5,0.48765060240963853,1
0.1383366249725697,0.7581325301204819,1
0.0,-0.6095758354755785,0
0.0,-0.30719794344473006,0
0.0,0.4466867469879518,0
0.0,-0.7181876606683805,0
-0.0333333333333333,0.19759036144578312,0
-0.5,-0.8547557840616966,0
-0.5,-0.5465938303341902,0
0.0,-0.7104755784061696,0
-0.0441919191919191,-0.734254498714653,0
0.1666666666666667,-0.05655526992287918,1
0.0833333333333333,0.5737951807228916,1
0.0,-0.4174164524421594,0
0.0,-0.014781491002570646,0
0.0,-0.19248071979434445,0
0.0,0.2828313253012048,0
0.0,0.2563253012048193,0
0.0625,0.5259036144578313,1
0.0,-0.29048843187660667,0
0.1666666666666667,-0.6294987146529563,1
0.0,-0.0067480719794345,0
0.0,-0.44280205655526994,0
0.0,-0.2625321336760925,0
-0.0795918367346938,0.4243975903614458,0
0.0,0.7060240963855422,0
0.0,-0.6481362467866324,0
0.0,-0.3746786632390745,0
0.0,-0.10122107969151672,0
0.0,-0.13367609254498714,0
0.3,0.7048192771084337,1
-0.1989035087719298,-0.9546915167095116,0
0.0,-0.14267352185089976,0
-0.2622222222222223,-0.9887532133676092,0
-0.0333333333333333,-0.7808483290488432,0
0.0,0.3521084337349398,0
0.2444444444444444,0.8686746987951808,1
-0.009090909090909,-0.5825835475578407,0
0.0,-0.39620822622107965,0
0.0,0.026807228915662652,0
-0.1333333333333333,-0.8688946015424165,0
0.0,-0.43926735218508994,0
0.3006746031746031,0.7150602409638555,1
0.375,0.6391566265060241,1
0.0,-0.7789203084832905,0
0.5,0.7304216867469879,1
0.5476190476190476,0.9210843373493975,1
0.0,0.5319277108433735,0
0.0,-0.551413881748072,0
0.0,-0.2606041131105399,0
0.25,0.5105421686746988,1
0.1666666666666667,0.411144578313253,1
0.0,-0.5327763496143959,0
-0.0833333333333333,0.5018072289156627,0
0.0,-0.18573264781491006,0
0.0,-0.7663881748071979,0
0.5,0.8996987951807229,1
0.0,-0.8422236503856041,0
-0.3571428571428571,-0.8447943444730077,0
0.3333333333333333,0.6879518072289157,1
0.0,-0.2827763496143959,0
0.0,-0.03984575835475579,0
0.0,-0.5793701799485862,0
0.0,-0.4077763496143959,0
0.0333333333333333,0.525,1
0.0,0.49337349397590363,0
-0.2444444444444444,-0.6426735218508998,0
0.0,-0.10796915167095111,0
0.0,-0.7336118251928021,0
0.0,0.6292168674698795,0
0.2182539682539682,0.46656626506024096,1
0.0,0.0009036144578313253,0
0.0,-0.5395244215938304,0
0.0238095238095238,-0.4993573264781491,1
0.0,0.15753012048192772,0
0.0,-0.30430591259640105,0
0.25,0.9412650602409639,1
-0.0757575757575756,0.47771084337349395,0
0.0,0.19728915662650603,0
0.0,-0.38399742930591263,0
0.0,-0.5925449871465296,0
0.0,0.6572289156626506,0
-0.3571428571428572,-0.8756426735218509,0
0.0,-0.19537275064267356,0
0.0,-0.1940874035989717,0
0.0,0.08795180722891566,0
0.0,-0.2300771208226221,0
0.25,0.41596385542168673,1
0.0,0.591566265060241,0
0.0,-0.4408740359897172,0
0.0,-0.4672236503856041,0
-0.5,-0.9158097686375322,0
0.0,-0.3483290488431876,0
0.0,0.7954819277108434,0
0.0,-0.1086118251928021,0
-0.1666666666666666,-0.48521850899742935,0
0.0,-0.2689588688946015,0
0.0,-0.11535989717223649,0
0.0,0.4075301204819277,0
0.2833333333333334,0.7746987951807229,1
0.0178571428571427,-0.6468508997429305,1
0.2037037037037037,0.7786144578313253,1
-0.111111111111111,-0.5295629820051414,0
0.0,0.23283132530120482,0
0.0,0.44457831325301206,0
0.0,-0.8476863753213367,0
0.0,0.016867469879518072,0
0.4444444444444444,0.9072289156626506,1
0.0,0.17259036144578313,0
0.0,0.41807228915662653,0
-0.1666666666666667,-0.6854113110539846,0
-0.0833333333333333,-0.606362467866324,0
0.1666666666666666,0.17379518072289157,1
0.0,-0.10379177377892035,0
0.0,-0.5083547557840618,0
0.0,-0.30109254498714655,0
0.0,-0.04048843187660667,0
0.0,-0.4334832904884319,0
0.75,0.6701807228915663,1
0.0,-0.10379177377892035,0
0.2228571428571428,0.6870481927710843,1
0.0,0.13855421686746988,0
0.0,0.647289156626506,0
0.0,-0.5620179948586118,0
0.0,-0.027634961439588657,0
0.0,-0.4775064267352185,0
0.0238095238095238,-0.8762853470437018,1
0.0,-0.2432519280205655,0
0.0054945054945054,0.8385542168674699,1
0.0,-0.050771208226221054,0
0.0,0.3325301204819277,0
0.3333333333333332,0.6231927710843373,1
0.207142857142857,0.8975903614457831,1
0.4499999999999999,0.9903614457831326,1
0.0,-0.01799485861182515,0
0.0,0.20602409638554217,0
0.0833333333333333,0.5563253012048193,1
-0.1150425455303503,-0.9546915167095116,0
0.3166666666666666,0.808433734939759,1
0.0,-0.059125964010282805,0
0.0,0.48825301204819277,0
0.0,0.38042168674698795,0
0.0,-0.16709511568123392,0
0.0,0.4578313253012048,0
0.0,-0.14074550128534702,0
0.0,-0.6044344473007712,0
-0.0407547699214366,-0.8923521850899743,0
0.0,0.33795180722891566,0
0.0,0.725,0
0.0413702239789195,0.9129518072289157,1
0.0,0.21536144578313254,0
-0.0571428571428571,-0.8775706940874036,0
0.25,0.19759036144578312,1
0.1713815789473683,0.9406626506024096,1
0.0,-0.8419023136246786,0
0.0833333333333333,0.3484939759036145,1
0.0,-0.8049485861182519,0
0.0,-0.5861182519280206,0
0.0,0.40873493975903613,0
0.1333333333333333,0.03614457831325301,1
0.0,-0.5456298200514138,0
-0.0089285714285713,-0.778598971722365,0
0.0,0.38042168674698795,0
0.0,-0.33708226221079696,0
0.0,-0.609254498714653,0
0.0,-0.01510282776349614,0
-0.25,-0.8679305912596401,0
0.0,0.7680722891566265,0
0.0833333333333333,0.5656626506024096,1
0.0,-0.7924164524421594,0
0.3333333333333332,0.9840361445783132,1
0.0666666666666666,0.6102409638554217,1
0.0,0.6825301204819277,0
0.0,-0.5022493573264781,0
0.0,0.21144578313253012,0
-0.0476190476190476,-0.8161953727506427,0
-0.1333333333333333,-0.7789203084832905,0
0.1666666666666666,0.7340361445783132,1
0.0,0.5620481927710843,0
0.0,-0.6330334190231363,0
0.0,-0.8473650385604113,0
0.0833333333333333,0.7150602409638555,1
0.1666666666666667,0.8596385542168675,1
0.0,-0.6468508997429305,0
0.0,0.4743975903614458,0
0.0833333333333333,0.7460843373493976,1
0.0,0.0009036144578313253,0
0.0,-0.6690231362467867,0
0.0,0.19518072289156627,0
0.375,0.7783132530120482,1
-0.0124214651304433,0.40572289156626506,0
0.0,-0.68926735218509,0
0.0999999999999999,-0.721401028277635,1
0.0,0.8656626506024097,0
0.0,-0.4309125964010283,0
0.0,-0.10571979434447298,0
0.0,0.07951807228915662,0
0.0,-0.044023136246786665,0
0.0,-0.6352827763496144,0
0.0,-0.2365038560411311,0
0.0,-0.275706940874036,0
-0.3333333333333333,-0.9723650385604113,0
0.0,-0.7165809768637532,0
0.0,0.3337349397590361,0
0.0,-0.12724935732647813,0
0.0,-0.7798843187660669,0
0.2333333333333334,0.7460843373493976,1
0.0,-0.05848329048843193,0
0.0,-0.6735218508997429,0
1.0,0.8674698795180723,1
0.0,0.12289156626506025,0
0.0,-0.708547557840617,0
0.0,-0.07005141388174807,0
0.0,-0.41323907455012854,0
0.0,-0.7088688946015425,0
0.0,0.6445783132530121,0
0.0,-0.31683804627249357,0
0.0,-0.18348329048843193,0
-0.1666666666666667,-0.7972365038560412,0
0.0,-0.2792416452442159,0
0.0,0.017771084337349398,0
0.0,0.00030120481927710846,0
0.5,-0.8801413881748072,1
0.0,-0.2737789203084833,0
0.0,-0.5633033419023137,0
0.1999999999999999,0.7900602409638554,1
0.0,0.004518072289156626,0
0.0,0.1644578313253012,0
0.0,0.3463855421686747,0
-0.0499999999999999,-0.5739074550128535,0
0.0,-0.10122107969151672,0
0.0,-0.029884318766066786,0
0.0,0.00030120481927710846,0
0.1934240362811791,0.7234939759036144,1
0.0,-0.5147814910025708,0
0.0,0.33463855421686745,0
0.0,-0.06458868894601544,0
0.0,0.2457831325301205,0
0.0,-0.5700514138817481,0
0.0,-0.07744215938303345,0
-0.1071428571428572,-0.5462724935732648,0
0.0,0.6602409638554216,0
0.0,-0.4183804627249358,0
-0.0089285714285714,-0.8791773778920309,0
0.0,0.2358433734939759,0
0.0,0.009939759036144578,0
0.0,-0.5440231362467867,0
0.0,-0.4318766066838047,0
0.0,0.2322289156626506,0
0.0,-0.46272493573264784,0
0.0,0.3033132530120482,0
0.0,-0.3280848329048843,0
0.1666666666666667,0.6843373493975904,1
0.0,-0.7011568123393317,0
-0.05,-0.7811696658097687,0
-0.0833333333333333,-0.606362467866324,0
0.0,0.2756024096385542,0
0.0,-0.36053984575835474,0
0.0,-0.4344473007712082,0
0.4799231208768376,1.0,1
0.25,0.6135542168674699,1
-0.1666666666666666,-0.5739074550128535,0
0.0,0.09789156626506024,0
0.0,-0.17577120822622105,0
-0.0833333333333332,-0.8705012853470437,0
0.0,-0.714974293059126,0
-0.1262024547738833,-0.2268637532133676,0
0.0,-0.6333547557840618,0
0.1999999999999999,0.7400602409638555,1
0.0,-0.5877249357326478,0
0.0,-0.4376606683804627,0
0.0833333333333333,0.6695783132530121,1
0.0,-0.127892030848329,0
0.0,0.0006024096385542169,0
0.0,-0.18348329048843193,0
0.25,0.5653614457831325,1
0.0,0.29668674698795183,0
0.0,0.19939759036144578,0
0.0,-0.10571979434447298,0
0.0,0.536144578313253,0
0.0,-0.3717866323907455,0
0.0,-0.5154241645244215,0
0.0,0.017771084337349398,0
0.0,-0.5269922879177378,0
0.0,-0.02859897172236503,0
-0.0833333333333333,-0.544344473007712,0
0.0,-0.10700514138817485,0
0.0,0.411144578313253,0
0.1666666666666666,0.7454819277108434,1
0.0,-0.15006426735218514,0
0.0,0.32710843373493975,0
0.0,0.22590361445783133,0
0.0,-0.6638817480719794,0
0.0,-0.25353470437018,0
0.0,0.3102409638554217,0
0.0,0.006626506024096385,0
0.0,-0.30719794344473006,0
0.0,-0.3084832904884319,0
0.1388888888888889,0.7792168674698795,1
-0.0333333333333333,0.5807228915662651,0
0.0395983472855131,0.43373493975903615,1
0.0,-0.30751928020565555,0
0.0,0.22921686746987951,0
0.0,0.1614457831325301,0
0.0,-0.11150385604113111,0
0.0,-0.6134318766066837,0
0.0,-0.5392030848329049,0
-0.05,-0.7403598971722365,0
0.0,-0.8255141388174807,0
0.0,-0.5205655526992288,0
0.5,0.8930722891566265,1
0.0,-0.2773136246786633,0
0.0,0.014759036144578313,0
-0.3,-0.7818123393316195,0
0.0,-0.0035347043701799974,0
0.4166666666666666,-0.20308483290488433,1
0.0,-0.15584832904884316,0
0.0,0.4292168674698795,0
0.1904761904761903,0.7349397590361446,1
0.2083333333333332,0.7289156626506024,1
0.0,-0.7744215938303342,0
0.0,0.6201807228915662,0
0.0,0.405421686746988,0
0.0999999999999999,0.6219879518072289,1
-0.0833333333333333,-0.705012853470437,0
0.5,0.7993975903614458,1
-0.1999999999999999,-0.3692159383033419,0
0.0,0.026807228915662652,0
0.0,0.00030120481927710846,0
0.0,-0.682840616966581,0
0.0,0.7635542168674698,0
-0.0333333333333333,-0.6381748071979434,0
0.0,-0.12982005141388175,0
0.0,0.014759036144578313,0
0.0909090909090909,0.10361445783132531,1
0.0,0.24759036144578314,0
0.1666666666666666,0.7786144578313253,1
0.1333333333333333,0.7409638554216867,1
-0.5,-0.8052699228791773,0
0.5,0.8322289156626506,1
0.0833333333333333,0.2768072289156627,1
0.1166666666666665,0.7472891566265061,1
0.0,-0.5488431876606683,0
0.0,-0.2728149100257069,0
0.0833333333333333,0.702710843373494,1
0.0,-0.669987146529563,0
-0.0912037037037036,-0.8920308483290489,0
-0.2222222222222221,-0.8155526992287918,0
0.0,-0.3296915167095116,0
-0.0833333333333333,-0.7069408740359897,0
0.0,-0.08997429305912596,0
0.0,0.4990963855421687,0
0.0063131313131313,0.17409638554216866,1
-0.0873015873015873,-0.6680591259640103,0
0.0,-0.9466580976863753,0
0.0,-0.721401028277635,0
0.3333333333333333,0.9274096385542169,1
0.0,-0.6561696658097687,0
0.0,0.32680722891566266,0
0.3809523809523809,0.9442771084337349,1
0.2083333333333333,0.37078313253012046,1
-0.1666666666666667,-0.3194087403598972,0
0.1666666666666667,0.34126506024096387,1
0.0833333333333333,0.7484939759036144,1
0.0,-0.16934447300771205,0
0.0,0.43765060240963854,0
-0.0333333333333332,-0.7079048843187661,0
0.0,0.0,0
0.4338624338624338,0.9325301204819277,1
0.0,-0.2300771208226221,0
-0.1666666666666667,-0.7005141388174807,0
0.0,-0.02699228791773778,0
0.0,-0.008354755784061751,0
0.0,0.40210843373493976,0
-0.1666666666666667,-0.6969794344473008,0
0.55,0.855722891566265,1
0.0633333333333333,0.422289156626506,1
0.0,0.9117469879518072,0
-0.1666666666666667,-0.6208226221079691,0
-0.1666666666666667,0.6379518072289156,0
0.0,0.033734939759036145,0
0.0,-0.7233290488431876,0
0.0,0.045180722891566265,0
0.0,-0.16548843187660667,0
-0.1666666666666666,-0.9881105398457584,0
0.0,-0.19248071979434445,0
0.0,0.7105421686746988,0
0.0,-0.7808483290488432,0
0.0,-0.5877249357326478,0
0.1759259259259259,0.685843373493976,1
0.1111111111111111,0.558433734939759,1
0.0,0.19036144578313252,0
0.0,-0.1642030848329049,0
-0.0504973749654601,-0.9109897172236504,0
0.0,0.2177710843373494,0
0.1999999999999999,0.35963855421686747,1
0.0499999999999999,0.4780120481927711,1
0.0,-0.7390745501285347,0
0.0,-0.04498714652956293,0
0.0,-0.6176092544987146,0
-0.5,-0.7246143958868895,0
0.0,-0.5854755784061696,0
0.0,0.43343373493975906,0
-0.5,-0.6073264781491002,0
-0.0749999999999999,-0.7204370179948586,0
0.6,0.8924698795180723,1
0.0,-0.1876606683804627,0
0.8,0.3322289156626506,1
0.0489094810605107,0.7295180722891567,1
0.0,0.5656626506024096,0
-0.1549999999999999,-0.7525706940874036,0
0.0,-0.6555269922879177,0
0.0,0.36475903614457833,0
0.0,-0.27152956298200515,0
0.0,-0.8711439588688946,0
0.1666666666666666,-0.7551413881748072,1
0.0,0.23162650602409637,0
0.2833333333333333,0.8370481927710843,1
0.2916666666666667,0.8102409638554217,1
0.0,0.34186746987951805,0
0.0,-0.8158740359897172,0
0.0,-0.004177377892030876,0
0.5,0.5774096385542169,1
0.0,-0.36278920308483287,0
0.0,0.43765060240963854,0
0.1666666666666666,0.4680722891566265,1
0.25,0.4234939759036145,1
0.0,0.2283132530120482,0
0.1458333333333333,0.6762048192771084,1
0.125,0.6183734939759036,1
0.0,-0.6115038560411311,0
0.0,-0.9720437017994858,0
-0.037096583971584,-0.5176735218508998,0
0.0333333333333333,0.08765060240963855,1
0.0,-0.08836760925449871,0
0.6666666666666667,0.8704819277108434,1
0.0,0.3219879518072289,0
0.0,-0.07422879177377895,0
0.0,-0.4119537275064268,0
0.0,0.2283132530120482,0
0.4642857142857142,0.9138554216867469,1
-0.0666666666666667,0.7150602409638555,0
-0.375,-0.6625964010282777,0
-0.0277777777777776,-0.8537917737789203,0
0.0,0.006626506024096385,0
0.0,0.2433734939759036,0
0.0,0.20421686746987952,0
0.0,-0.5883676092544987,0
0.0,-0.3280848329048843,0
0.0,-0.5115681233933163,0
0.0,-0.7946658097686375,0
-0.2424242424242424,-0.8197300771208227,0
0.0,0.08433734939759036,0
0.0,-0.5228149100257069,0
0.0,-0.5070694087403599,0
0.0,-0.4775064267352185,0
0.0,-0.7461439588688946,0
0.1666666666666666,0.6572289156626506,1
0.0,-0.4534061696658098,0
0.0,0.02650602409638554,0
0.0,-0.04530848329048842,0
0.0,-0.4215938303341902,0
0.0333333333333333,-0.4797557840616966,1
0.4541666666666666,0.9237951807228916,1
0.0,-0.1642030848329049,0
0.0,-0.669987146529563,0
0.0,0.10301204819277109,0
0.0897435897435897,-0.6773778920308483,1
0.2,0.3349397590361446,1
-0.0666666666666667,-0.9366966580976863,0
0.0,-0.2660668380462725,0
0.0,-0.381426735218509,0
0.25,0.40572289156626506,1
0.1033333333333331,0.5406626506024096,1
0.125,0.691566265060241,1
0.0833333333333332,0.28674698795180725,1
0.0,0.3960843373493976,0
-0.1139608096511224,-0.5874035989717223,0
0.2042328042328042,0.5975903614457831,1
0.3333333333333333,0.8978915662650603,1
0.0,-0.004177377892030876,0
-0.0833333333333332,-0.6153598971722365,0
0.0286528286528285,0.3484939759036145,1
0.0,-0.5115681233933163,0
0.0,0.6602409638554216,0
0.0,-0.6674164524421593,0
-0.1666666666666667,-0.07101542416452444,0
-0.1666666666666667,-0.8216580976863753,0
0.0,-0.3643958868894601,0
0.0833333333333333,0.5807228915662651,1
0.0,-0.5089974293059125,0
-0.0277777777777776,-0.637210796915167,0
-0.1666666666666667,-0.1876606683804627,0
0.0,-0.4739717223650386,0
0.0,-0.8708226221079691,0
0.0,0.19156626506024096,0
0.0,-0.6654884318766067,0
0.0999999999999999,0.7743975903614457,1
0.0,-0.4209511568123393,0
0.1,0.7509036144578313,1
0.0,0.35632530120481926,0
0.0139354584809128,-0.5086760925449871,1
0.1666666666666667,0.3189759036144578,1
0.136111111111111,0.930421686746988,1
-0.6666666666666667,-0.7310411311053985,0
0.0317460317460317,0.44849397590361445,1
-0.5,-0.785025706940874,0
0.0,-0.07390745501285345,0
0.3333333333333333,0.7490963855421687,1
0.0,0.09096385542168675,0
0.0,0.5656626506024096,0
0.2222222222222222,0.827710843373494,1
0.3888888888888889,0.6457831325301204,1
0.0,0.3960843373493976,0
0.0,0.33313253012048194,0
0.0,-0.2271850899742931,0
0.0,0.491566265060241,0
-0.0833333333333333,-0.737146529562982,0
0.2211201079622131,0.8641566265060241,1
0.0,0.5135542168674698,0
0.4444444444444445,0.930421686746988,1
0.0,0.4530120481927711,0
0.0,-0.19537275064267356,0
0.0,0.8472891566265061,0
0.0333333333333333,0.7099397590361446,1
0.3333333333333333,0.5509036144578313,1
0.0,0.27981927710843374,0
0.0,0.04006024096385542,0
0.0,-0.23168380462724936,0
0.0,-0.4501928020565553,0
0.0,-0.05719794344473006,0
0.0,0.8162650602409639,0
0.0,0.327710843373494,0
0.0,0.525,0
0.332258064516129,0.6807228915662651,1
0.1944444444444443,-0.9701156812339332,1
0.0,0.12740963855421686,0
0.0416666666666666,0.8647590361445783,1
-0.1083333333333332,-0.4797557840616966,0
0.0,-0.39910025706940877,0
0.0,0.8057228915662651,0
0.3393719806763285,0.8081325301204819,1
0.2083333333333333,0.41445783132530123,1
0.0,0.5325301204819277,0
0.0833333333333333,0.39036144578313253,1
-0.0833333333333333,-0.018316195372750643,0
0.0,0.45602409638554214,0
-0.2203900709219858,-0.9508354755784062,0
0.0,0.1614457831325301,0
0.2222222222222222,0.8099397590361446,1
0.2333333333333334,0.7990963855421687,1
0.0,-0.4572622107969152,0
-0.1666666666666667,-0.5154241645244215,0
0.0,-0.05944730077120819,0
0.0,-0.6950514138817481,0
0.0,-0.21786632390745497,0
0.0,-0.4334832904884319,0
0.0,-0.3300128534704371,0
0.0,-0.3065552699228792,0
0.0,0.0783132530120482,0
0.0,0.5424698795180722,0
0.0999999999999999,0.4003012048192771,1
0.3571428571428571,-0.6291773778920309,1
0.0,0.04397590361445783,0
0.0,-0.5780848329048843,0
0.0,-0.8856041131105399,0
0.0,-0.5208868894601543,0
0.0,0.6954819277108434,0
0.0,-0.5067480719794344,0
0.25,0.7289156626506024,1
0.0,0.009939759036144578,0
0.0,-0.8663239074550129,0
0.0,0.5376506024096386,0
-0.119047619047619,-0.9482647814910026,0
0.3333333333333333,0.8268072289156626,1
-0.3333333333333333,-0.9530848329048843,0
0.0571428571428571,0.5237951807228916,1
0.0661764705882352,0.6563253012048192,1
0.0,0.39006024096385544,0
0.0,0.5147590361445783,0
0.0,-0.46561696658097684,0
0.0,-0.2827763496143959,0
-0.0220238095238095,-0.6744858611825193,0
0.0,-0.08901028277634959,0
0.136522444946358,0.9349397590361446,1
0.0,0.15150602409638556,0
0.0,-0.5054627249357326,0
-0.1666666666666667,0.21536144578313254,0
0.75,0.8352409638554217,1
0.0,-0.16388174807197942,0
0.0,0.411144578313253,0
-0.3333333333333333,-0.8383676092544987,0
0.0,-0.16677377892030854,0
0.0,0.3641566265060241,0
0.0,-0.3155526992287918,0
0.1428571428571428,0.8189759036144578,1
0.0,-0.22140102827763497,0
0.05,-0.8184447300771208,1
0.0196608946608946,0.46566265060240963,1
0.0,0.6126506024096385,0
0.0,-0.8393316195372751,0
0.0,-0.1838046272493573,0
0.0,0.2322289156626506,0
0.0,-0.6491002570694087,0
0.0,-0.4534061696658098,0
0.0,0.939156626506024,0
0.0,-0.22429305912596398,0
0.0,-0.5568766066838047,0
0.3333333333333332,0.661144578313253,1
-0.1388888888888888,0.4855421686746988,0
0.0,-0.9203084832904884,0
0.0,0.2246987951807229,0
0.0,0.2768072289156627,0
0.0,0.12620481927710844,0
0.0,0.18042168674698794,0
0.0,-0.467866323907455,0
0.1999999999999999,0.7343373493975903,1
0.0,-0.2689588688946015,0
0.0,-0.275706940874036,0
0.0,0.26024096385542167,0
0.1666666666666666,0.8349397590361446,1
0.0,0.658433734939759,0
0.0,-0.3232647814910026,0
0.0,0.44608433734939756,0
0.0,0.01566265060240964,0
0.0,-0.13753213367609252,0
0.0,0.0,0
0.5,0.638855421686747,1
0.0,-0.6452442159383034,0
0.0,-0.4993573264781491,0
0.0,0.14156626506024098,0
0.0,-0.5633033419023137,0
0.3333333333333333,0.8042168674698795,1
0.6666666666666667,0.6490963855421686,1
0.0,0.2545180722891566,0
0.3,0.7352409638554217,1
-0.5,-0.8660025706940874,0
0.0,-0.3290488431876607,0
-0.0149859943977592,-0.6744858611825193,0
-0.1666666666666665,-0.7525706940874036,0
0.0,-0.6481362467866324,0
-0.5,-0.9013496143958869,0
0.042124542124542,0.6331325301204819,1
0.0,-0.4019922879177378,0
0.0,0.763855421686747,0
0.0,0.5126506024096386,0
0.0,-0.5337403598971722,0
0.0,-0.2204370179948586,0
0.1428571428571428,0.4930722891566265,1
0.1673803249890206,0.9906626506024097,1
0.0,-0.5816195372750643,0
0.0,-0.20533419023136246,0
0.0,-0.34061696658097684,0
0.0,0.202710843373494,0
0.0,-0.12982005141388175,0
-1.1102230246251563e-16,-0.8136246786632391,0
0.2388888888888889,0.7786144578313253,1
0.0,-0.08419023136246784,0
0.05,0.6457831325301204,1
-0.75,-0.8345115681233933,0
-0.5,-0.7374678663239074,0
0.0,-0.8531491002570695,0
0.0,-0.16934447300771205,0
0.0,0.4099397590361446,0
0.0,-0.8010925449871465,0
0.0,-0.7875964010282777,0
0.0,-0.3190874035989717,0
0.0,-0.6182519280205656,0
0.1904761904761904,0.9048192771084337,1
0.0,-0.39685089974293064,0
0.0,-0.256426735218509,0
0.0,0.941566265060241,0
0.0,-0.5327763496143959,0
0.0,-0.5337403598971722,0
0.0,0.47981927710843375,0
0.0416666666666666,-0.6561696658097687,1
0.2113997113997114,-0.6568123393316195,1
0.0833333333333333,0.8355421686746988,1
-0.1428571428571429,0.3033132530120482,0
0.0,-0.5883676092544987,0
0.0,-0.003856041131105381,0
0.0,-0.3515424164524421,0
0.0,-0.1484575835475579,0
0.0,-0.6394601542416453,0
-0.5,-0.7789203084832905,0
-0.6666666666666667,-0.7760282776349614,0
0.0,-0.5957583547557841,0
0.0,-0.580655526992288,0
0.0,-0.8197300771208227,0
-0.1666666666666667,-0.9013496143958869,0
0.0,-0.41870179948586117,0
0.0317460317460317,-0.5600899742930592,1
0.0,0.11204819277108434,0
0.1333333333333333,0.4331325301204819,1
0.05,-0.8807840616966581,1
0.0,0.09156626506024096,0
0.0,-0.5144601542416453,0
0.0,0.13343373493975905,0
0.0625,-0.8897814910025706,1
-0.05,-0.5347043701799485,0
-0.0833333333333333,0.3954819277108434,0
0.0,-0.6715938303341902,0
0.0,-0.5469151670951157,0
0.0,0.402710843373494,0
-0.0481060606060606,-0.8798200514138818,0
0.0,-0.15584832904884316,0
0.0,-0.5954370179948586,0
-0.2083333333333332,-0.830655526992288,0
0.0,-0.19665809768637532,0
0.0,0.4174698795180723,0
-0.1666666666666667,-0.6227506426735219,0
0.0,-0.5700514138817481,0
0.373015873015873,0.8575301204819277,1
0.5,0.7108433734939759,1
-0.0833333333333333,-0.9501928020565553,0
0.0,-0.6870179948586118,0
0.0,-0.2660668380462725,0
0.8296296296296297,0.9864457831325302,1
0.0,-0.08322622107969146,0
0.0,0.4990963855421687,0
0.0,0.277710843373494,0
0.0,-0.8618251928020566,0
0.125,0.42409638554216866,1
0.2747175141242937,0.3424698795180723,1
0.0499999999999999,0.24156626506024095,1
0.5,0.4746987951807229,1
0.0,0.5271084337349398,0
-0.3333333333333333,-0.8431876606683805,0
0.0,-0.3052699228791774,0
0.0,-0.31105398457583544,0
0.0,0.04939759036144578,0
0.0,0.06927710843373494,0
0.0,-0.8615038560411311,0
0.0,0.0822289156626506,0
0.0,-0.6947300771208227,0
0.0,0.41656626506024097,0
0.0,-0.33354755784061696,0
0.0888888888888889,0.6822289156626506,1
0.5555555555555556,0.9903614457831326,1
0.0,0.413855421686747,0
-0.2424242424242423,-0.4248071979434447,0
0.0,0.422289156626506,0
0.1071428571428571,-0.21272493573264784,1
-0.1071428571428572,-0.8994215938303342,0
0.2013888888888889,0.8704819277108434,1
0.0,-0.27152956298200515,0
0.0,-0.01799485861182515,0
0.0,-0.5086760925449871,0
0.0,-0.5951156812339331,0
0.0,-0.0012853470437017567,0
0.0142203548085901,0.31234939759036146,1
0.0,-0.40906169665809766,0
0.0,0.29819277108433734,0
0.0,-0.19890745501285345,0
0.0,-0.19601542416452444,0
0.0,-0.6715938303341902,0
0.0447527910685805,0.7695783132530121,1
0.0,-0.702120822622108,0
0.3333333333333332,0.7602409638554217,1
0.0,-0.125,0
0.0,0.3009036144578313,0
0.0,-0.17320051413881743,0
0.0,0.24969879518072288,0
0.0833333333333332,-0.8994215938303342,1
0.0,0.059939759036144576,0
0.0,0.1789156626506024,0
0.0,-0.18219794344473006,0
-0.0576190476190475,-0.8701799485861182,0
0.0482142857142856,0.6376506024096386,1
-0.1666666666666666,-0.8107326478149101,0
0.0,0.2680722891566265,0
0.0833333333333332,0.3545180722891566,1
0.0,0.0855421686746988,0
0.0,0.04969879518072289,0
-0.05,-0.8415809768637532,0
0.3721590909090909,0.9891566265060241,1
0.1666666666666667,-0.5292416452442159,1
0.2386955636955637,-0.8178020565552699,1
0.0,0.17018072289156627,0
0.0,0.34879518072289156,0
0.0,0.4587349397590361,0
0.0,0.1789156626506024,0
0.0333333333333333,0.3533132530120482,1
0.0416666666666666,-0.6095758354755785,1
0.0,0.03614457831325301,0
0.0,-0.33419023136246784,0
0.6666666666666667,0.8734939759036144,1
0.0,0.46566265060240963,0
0.0,0.4174698795180723,0
0.0,0.16957831325301204,0
0.0,-0.125,0
0.0,-0.2789203084832905,0
0.0,0.14578313253012049,0
-0.7142857142857143,-0.9125964010282777,0
0.0,0.21385542168674698,0
0.0,-0.2773136246786633,0
0.0,-0.9765424164524421,0
0.0,-0.14074550128534702,0
0.3,0.8719879518072289,1
0.0,0.02469879518072289,0
-0.5,-0.676413881748072,0
0.0,-0.37724935732647813,0
0.0,0.0713855421686747,0
0.0,0.5822289156626506,0
0.0666666666666666,0.6843373493975904,1
0.128849902534113,0.8551204819277108,1
0.0,-0.16548843187660667,0
0.0,0.02319277108433735,0
0.1545454545454546,-0.23168380462724936,1
-0.0592828224407172,-0.8923521850899743,0
0.0,0.16686746987951806,0
0.0,-0.1580976863753213,0
0.2261904761904761,0.6608433734939759,1
0.0,-0.5485218508997429,0
0.095220964323647,0.7816265060240963,1
0.0,-0.5877249357326478,0
0.0,0.11295180722891567,0
0.0,-0.5253856041131105,0
0.0,0.24909638554216867,0
0.0,0.12831325301204818,0
0.0,-0.31330334190231357,0
0.0317460317460316,0.16626506024096385,1
0.0,0.053313253012048194,0
0.0,-0.7101542416452442,0
-0.25,-0.9183804627249357,0
0.0,0.21536144578313254,0
0.0,-0.045629820051413916,0
0.0,-0.08579691516709509,0
0.0,0.4322289156626506,0
0.0,-0.47236503856041134,0
0.0,0.5433734939759036,0
0.0,-0.22525706940874035,0
0.2,0.6054216867469879,1
0.0,0.7870481927710843,0
0.0,-0.11407455012853474,0
0.0,0.020481927710843374,0
0.1825292397660819,0.7096385542168675,1
0.5,0.9066265060240963,1
0.0,-0.3544344473007712,0
0.0,0.1292168674698795,0
0.0,-0.4569408740359897,0
-0.409090909090909,-0.734254498714653,0
0.0,-0.6227506426735219,0
0.5354166666666667,0.8430722891566265,1
0.0,-0.8126606683804627,0
0.0,-0.5154241645244215,0
0.6666666666666667,0.7786144578313253,1
0.1666666666666667,0.3144578313253012,1
0.0833333333333333,0.8674698795180723,1
0.0,-0.5408097686375322,0
0.0,-0.5231362467866324,0
0.0,-0.42223650385604117,0
0.6666666666666667,0.3858433734939759,1
0.0,-0.07005141388174807,0
0.0,0.5240963855421686,0
0.0991541353383458,-0.6217866323907455,1
-0.1730769230769231,-0.8676092544987146,0
0.0,-0.0263496143958869,0
0.1666666666666667,0.35602409638554217,1
0.1333333333333333,0.5683734939759036,1
0.1666666666666666,0.13403614457831325,1
0.0,0.26506024096385544,0
-0.75,-0.7503213367609254,0
0.0,-0.2663881748071979,0
0.0,-0.5363110539845759,0
0.086080586080586,0.4783132530120482,1
0.0,-0.8055912596401028,0
0.0,-0.06041131105398456,0
0.0,-0.30494858611825193,0
0.1666666666666667,0.7496987951807229,1
0.0535714285714284,0.3180722891566265,1
0.1966666666666665,0.7325301204819277,1
0.1781249999999999,0.9442771084337349,1
0.25,0.43795180722891563,1
0.0,0.491566265060241,0
-0.1989283592224767,-0.9463367609254498,0
0.0,0.7322289156626506,0
0.0,-0.28727506426735216,0
0.0,-0.3123393316195373,0
0.0,0.059939759036144576,0
0.0,0.23102409638554217,0
0.0,-0.6799485861182519,0
0.0,-0.8126606683804627,0
0.0,0.3674698795180723,0
0.0,-0.8274421593830334,0
0.0,-0.36696658097686374,0
0.0,-0.705012853470437,0
0.0,0.43734939759036146,0
0.1666666666666667,-0.5311696658097687,1
0.0,0.1966867469879518,0
0.1859126984126985,0.8442771084337349,1
0.0,-0.2432519280205655,0
0.0,-0.6330334190231363,0
0.0416666666666666,0.20903614457831327,1
0.0,-0.644280205655527,0
0.0,-0.045629820051413916,0
0.1111111111111111,0.5653614457831325,1
-0.0833333333333333,0.21686746987951808,0
0.8333333333333334,0.9789156626506024,1
-0.1041666666666666,0.7421686746987952,0
0.0833333333333333,0.7530120481927711,1
0.2286096256684492,0.9448795180722892,1
0.0,0.011746987951807229,0
-0.1666666666666667,-0.7702442159383034,0
0.0,0.277710843373494,0
0.1397979797979799,0.8418674698795181,1
0.8571428571428572,0.8686746987951808,1
0.0,0.3153614457831325,0
0.0178571428571429,0.37289156626506026,1
0.0,0.1924698795180723,0
0.0,-0.4209511568123393,0
0.0,0.07801204819277109,0
0.0,-0.15006426735218514,0
0.5,0.4542168674698795,1
-0.0522186147186147,-0.6298200514138818,0
0.0,-0.3811053984575835,0
0.0,-0.06555269922879181,0
0.0,0.46566265060240963,0
0.0,0.23343373493975902,0
0.0,0.20542168674698796,0
0.0374999999999999,0.6003012048192771,1
0.1314285714285714,0.5198795180722892,1
0.0,0.08795180722891566,0
0.0,0.8346385542168675,0
0.0,-0.4836118251928021,0
0.0,-0.3759640102827764,0
0.0,-0.2075835475578406,0
0.0833333333333333,0.4990963855421687,1
0.1904761904761904,0.7644578313253012,1
0.0124999999999999,-0.7165809768637532,1
0.0,-0.6622750642673522,0
0.0,-0.10025706940874035,0
0.0148705096073517,0.7466867469879518,1
0.0,0.13102409638554216,0
0.0,-0.43958868894601544,0
0.0,0.4018072289156627,0
0.0,0.2569277108433735,0
0.096590909090909,-0.6783419023136247,1
0.0,-0.3917095115681234,0
-0.2777777777777777,-0.875,0
0.0,0.23042168674698796,0
-0.0799999999999999,-0.2699228791773779,0
0.0,-0.12917737789203088,0
-0.25,-0.9704370179948586,0
0.0,0.5885542168674699,0
0.0,-0.23875321336760924,0
0.0833333333333333,0.4743975903614458,1
0.0,0.4003012048192771,0
0.0,-0.775706940874036,0
0.0,0.28102409638554215,0
0.0,-0.29787917737789205,0
0.1666666666666667,0.7376506024096385,1
0.0,0.6259036144578313,0
0.0,-0.4569408740359897,0
0.0,0.22951807228915663,0
-0.1,-0.47911311053984573,0
0.0,-0.4572622107969152,0
0.0,-0.3791773778920309,0
0.0,-0.23264781491002573,0
-0.1333333333333333,-0.6381748071979434,0
0.0,0.186144578313253,0
1.0,0.8322289156626506,1
0.0,-0.958547557840617,0
0.0,-0.03213367609254503,0
-0.3333333333333333,-0.8743573264781491,0
0.0009049773755657,0.5460843373493975,1
0.1904761904761904,0.644277108433735,1
0.6666666666666667,0.6289156626506024,1
-0.1666666666666667,-0.42898457583547556,0
-0.0833333333333333,-0.8184447300771208,0
0.0,-0.14588688946015427,0
0.1666666666666666,0.2743975903614458,1
0.0,0.00572289156626506,0
0.0,0.8198795180722892,0
-0.05,-0.6969794344473008,0
0.0,-0.10475578406169661,0
0.0,0.6966867469879519,0
0.0,0.20903614457831327,0
-0.0666666666666666,-0.8534704370179949,0
0.0,0.16295180722891567,0
0.0,-0.34704370179948585,0
0.0,0.03493975903614458,0
0.0,-0.4733290488431876,0
0.3571428571428572,0.7975903614457831,1
0.0,-0.6115038560411311,0
0.0,0.056325301204819274,0
0.0454545454545454,-0.4736503856041131,1
0.0,-0.7252570694087404,0
0.0,-0.37146529562982,0
0.8,0.8198795180722892,1
0.0,-0.20951156812339333,0
0.6083333333333334,0.9930722891566265,1
0.0,-0.4501928020565553,0
0.0,-0.17223650385604117,0
0.0,-0.23425449871465298,0
0.0,-0.7381105398457584,0
0.0666666666666666,0.36716867469879516,1
0.0,0.463855421686747,0
0.236111111111111,0.7460843373493976,1
0.0,0.7340361445783132,0
0.0,-0.6211439588688946,0
0.0,-0.4119537275064268,0
-0.0746031746031746,-0.9659383033419023,0
0.106060606060606,0.9843373493975903,1
0.0,-0.2143316195372751,0
0.0,0.8322289156626506,0
0.0,0.4075301204819277,0
0.0,0.14216867469879518,0
0.0,0.5653614457831325,0
0.05,0.6843373493975904,1
0.0,-0.38399742930591263,0
0.0,-0.16934447300771205,0
0.0,0.2283132530120482,0
0.0,0.043373493975903614,0
0.0333333333333333,0.9189759036144578,1
0.0,-0.955012853470437,0
0.0,-0.10122107969151672,0
0.0,-0.702120822622108,0
0.0,0.33765060240963857,0
-0.0178571428571428,-0.7079048843187661,0
0.0,-0.8823907455012854,0
0.0,-0.4707583547557841,0
0.0,-0.17577120822622105,0
0.1666666666666667,0.6503012048192771,1
0.0,0.029518072289156625,0
-0.0178571428571427,-0.08772493573264784,0
0.0,0.6493975903614457,0
0.0,-0.4447300771208226,0
0.0,-0.43284061696658094,0
-0.1833333333333333,-0.7599614395886889,0
0.1666666666666667,0.528012048192771,1
0.0,-0.7381105398457584,0
0.0,-0.38335475578406175,0
-0.05,-0.5417737789203085,0
0.0,-0.7940231362467867,0
0.9375,0.9972891566265061,1
0.0,0.0213855421686747,0
0.0,0.5289156626506024,0
0.0833333333333332,0.702710843373494,1
0.0,-0.08836760925449871,0
0.25,-0.9254498714652957,1
0.0,0.44216867469879517,0
0.0,-0.11535989717223649,0
0.0571428571428571,-0.19280205655526994,1
0.5,0.8518072289156626,1
0.1233766233766233,0.9466867469879519,1
0.5,0.6298192771084338,1
0.0,-0.08579691516709509,0
0.1333333333333333,0.6822289156626506,1
1.0,0.855722891566265,1
-0.0428571428571429,-0.4569408740359897,0
0.0,-0.22557840616966585,0
0.0,-0.22557840616966585,0
0.0,0.21144578313253012,0
0.0,-0.5176735218508998,0
0.0,-0.3123393316195373,0
0.1666666666666667,-0.5739074550128535,1
0.0,0.16355421686746988,0
0.3333333333333332,0.8051204819277108,1
0.3125,0.9274096385542169,1
0.0,0.0891566265060241,0
0.0374603174603175,0.9081325301204819,1
0.177579365079365,0.39156626506024095,1
0.0158730158730158,-0.3512210796915167,1
0.0,-0.09318766066838047,0
0.0,-0.2336118251928021,0
0.0,0.37921686746987954,0
0.0,-0.41034704370179953,0
0.0,-0.7133676092544987,0
0.0,-0.36664524421593825,0
0.0,0.738855421686747,0
0.0,-0.15584832904884316,0
0.6666666666666667,0.7349397590361446,1
0.5,0.7367469879518073,1
0.0,-0.11793059125964012,0
0.0,0.005421686746987952,0
0.0,-0.10282776349614398,0
-0.0471611721611721,-0.8984575835475579,0
0.0,-0.15392030848329052,0
-0.1071428571428572,-0.6201799485861182,0
0.1196428571428571,0.6981927710843373,1
-0.0833333333333333,-0.6982647814910026,0
0.0,-0.2133676092544987,0
-0.1388888888888888,-0.8274421593830334,0
0.1166666666666665,-0.5327763496143959,1
-0.1333333333333333,0.012650602409638554,0
0.3928571428571428,0.7370481927710844,1
0.0,0.3521084337349398,0
0.0,-0.7390745501285347,0
0.0,-0.3187660668380463,0
-0.5,-0.6715938303341902,0
0.0,-0.11150385604113111,0
0.0,0.49819277108433735,0
0.0277777777777776,0.7403614457831326,1
0.0757575757575756,-0.2956298200514139,1
-0.3227513227513228,-0.9958226221079691,0
0.0,0.3216867469879518,0
0.0805555555555556,-0.9530848329048843,1
0.6666666666666667,0.7945783132530121,1
0.0,0.16897590361445783,0
0.1876543209876542,0.983132530120482,1
0.0,0.4743975903614458,0
0.0,-0.4344473007712082,0
0.0,-0.6609897172236504,0
0.0,0.3132530120481928,0
0.0,-0.41259640102827766,0
0.0,0.4307228915662651,0
0.0,-0.5231362467866324,0
0.0,0.2683734939759036,0
0.0,0.15,0
0.1333333333333333,0.20150602409638554,1
0.0,0.8418674698795181,0
0.1333333333333333,0.7626506024096386,1
-0.1333333333333333,0.2996987951807229,0
0.0,-0.49550128534704374,0
0.0454545454545454,-0.4084190231362468,1
0.0,0.1466867469879518,0
0.0,-0.6770565552699228,0
0.3333333333333333,-0.23232647814910024,1
0.0,0.7551204819277109,0
0.75,0.8496987951807229,1
-0.1088417329796639,-0.663560411311054,0
0.0,-0.47589974293059123,0
-0.1428571428571428,-0.3550771208226221,0
0.3166666666666666,0.6873493975903614,1
0.0,-0.0427377892030848,0
-0.1666666666666666,-0.06362467866323906,0
0.0,-0.7516066838046273,0
-0.0321881779547682,-0.8088046272493573,0
0.0999999999999998,0.6873493975903614,1
0.0809481216457961,0.8090361445783133,1
0.3333333333333333,0.9346385542168675,1
0.5,0.8506024096385543,1
0.0,-0.7988431876606684,0
-0.1666666666666667,-0.22847043701799485,0
0.0,0.0963855421686747,0
0.0,0.411144578313253,0
-0.1592255210676263,-0.8158740359897172,0
0.25,0.8587349397590361,1
0.0,0.15210843373493976,0
0.0,0.42409638554216866,0
0.0,0.21144578313253012,0
0.0,0.553012048192771,0
0.0,0.25873493975903616,0
0.0777777777777777,0.644277108433735,1
0.2035347985347986,0.9897590361445783,1
0.0,-0.48811053984575836,0
0.5,0.980722891566265,1
0.0,-0.5269922879177378,0
0.0,0.0,0
0.0,-0.20212082262210795,0
0.0,0.2533132530120482,0
0.0,0.3463855421686747,0
0.5,0.338855421686747,1
0.0,-0.11600257069408737,0
0.6666666666666667,0.7433734939759036,1
0.0,-0.5620179948586118,0
0.1666666666666667,0.6840361445783133,1
0.0,-0.9373393316195373,0
0.5,-0.33451156812339333,1
-0.2333333333333332,-0.9527634961439588,0
0.0,-0.38399742930591263,0
0.0,0.0,0
0.097972972972973,0.9271084337349398,1
0.0,-0.03149100257069404,0
1.0,0.8906626506024097,1
0.0,-0.2638174807197944,0
0.0,-0.06940874035989719,0
0.0,-0.6818766066838047,0
-0.6666666666666667,-0.9858611825192802,0
0.0588235294117647,-0.7336118251928021,1
0.0,0.15632530120481927,0
0.0,0.402710843373494,0
0.0,0.6572289156626506,0
0.0,-0.3582904884318766,0
0.0,-0.06458868894601544,0
0.05,0.8063253012048193,1
-0.1401515151515152,-0.5716580976863753,0
0.0,-0.9331619537275064,0
0.0,0.5629518072289157,0
-0.3333333333333333,-0.727827763496144,0
0.0,-0.5764781491002571,0
0.0,0.0,0
0.0,-0.37724935732647813,0
0.0,-0.4829691516709511,0
-0.6666666666666667,-0.9672236503856041,0
0.0,0.5671686746987952,0
-0.0982142857142858,-0.8046272493573265,0
0.0,-0.5568766066838047,0
0.0,-0.45212082262210795,0
-0.0784090909090908,-0.9469794344473008,0
0.1333333333333333,0.9451807228915663,1
0.0,0.32379518072289154,0
-0.0002480158730158,0.4990963855421687,0
-0.1428571428571429,-0.9508354755784062,0
0.0,0.6343373493975903,0
-0.078853046594982,-0.9974293059125964,0
-0.1071428571428572,-0.4215938303341902,0
0.0,0.25903614457831325,0
-0.4166666666666666,-0.945694087403599,0
0.0,0.40963855421686746,0
0.0,0.017771084337349398,0
-0.1666666666666666,-0.9125964010282777,0
0.0,0.04246987951807229,0
0.0,0.41295180722891567,0
0.0,-0.6147172236503856,0
0.0,-0.842866323907455,0
0.1749999999999999,0.45481927710843373,1
-0.5,-0.5141388174807198,0
0.0662393162393162,0.6382530120481927,1
0.0,-0.5636246786632391,0
0.5,0.6153614457831326,1
0.0,0.40512048192771083,0
-0.1547619047619047,-0.9354113110539846,0
0.0,0.5033132530120482,0
0.0591672348175675,-0.9508354755784062,1
0.0,0.36716867469879516,0
0.0,0.21024096385542168,0
-0.2095238095238095,-0.9222365038560412,0
0.5,0.4828313253012048,1
0.5,0.8885542168674698,1
-0.0499999999999999,-0.9321979434447301,0
0.6666666666666667,-0.7522493573264781,1
-0.25,-0.967866323907455,0
0.5,0.5162650602409639,1
0.0,0.27590361445783135,0
0.0,0.6924698795180723,0
0.0,-0.15006426735218514,0
0.0,-0.9955012853470437,0
0.0333333333333333,-0.9183804627249357,1
0.0,-0.5925449871465296,0
-0.3333333333333332,-0.971401028277635,0
0.0,0.42409638554216866,0
0.0,0.0427710843373494,0
-0.5,-0.9938946015424165,0
0.2807017543859649,0.8867469879518072,1
0.1333333333333333,0.686144578313253,1
0.0,0.2427710843373494,0
0.3666666666666666,0.9774096385542169,1
0.0,-0.018637532133676138,0
0.0,-0.3688946015424165,0
0.05,0.4343373493975904,1
0.0,0.7518072289156627,0
0.0,0.0006024096385542169,0
0.0,-0.9887532133676092,0
0.1666666666666667,0.3846385542168675,1
0.0,-0.16548843187660667,0
0.1452922077922078,0.5972891566265061,1
0.0,-0.5494858611825193,0
0.0,-0.484254498714653,0
0.0,0.5132530120481927,0
0.0,-0.4537275064267352,0
0.0,-0.009640102827763508,0
0.1333333333333333,-0.5279562982005142,1
0.0,-0.12371465295629824,0
0.0,0.2969879518072289,0
0.1190476190476189,0.5906626506024096,1
0.0,0.0,0
0.0,0.13825301204819276,0
0.0,-0.4209511568123393,0
0.0959520085636195,0.9978915662650603,1
0.0,-0.6519922879177378,0
0.0,0.10271084337349398,0
0.0,0.575,0
0.2533333333333333,0.29096385542168673,1
0.0,-0.36086118251928023,0
-0.0833333333333333,0.4072289156626506,0
0.0,-0.4572622107969152,0
0.9615384615384616,0.8051204819277108,1
0.0,-0.7194730077120823,0
0.1428571428571428,-0.9469794344473008,1
0.467741935483871,0.611144578313253,1
0.0,-0.7808483290488432,0
0.0,-0.7972365038560412,0
0.1388888888888888,-0.7972365038560412,1
0.0,0.41957831325301204,0
-0.2395065789473683,-0.9736503856041131,0
0.2148760330578512,0.9876506024096385,1
0.0,-0.5716580976863753,0
0.0,0.6069277108433735,0
0.0,-0.048521850899742924,0
-0.1214285714285713,0.03463855421686747,0
0.0,0.48012048192771084,0
0.0,0.3963855421686747,0
0.0,-0.5485218508997429,0
0.1666666666666667,0.25301204819277107,1
-0.6666666666666667,0.22259036144578312,0
-0.080952380952381,-0.22268637532133673,0
0.0,0.04939759036144578,0
0.0,-0.21529562982005146,0
0.0,0.33042168674698796,0
0.5,-0.8582904884318766,1
0.0,0.536144578313253,0
0.0268129474011827,-0.9354113110539846,1
-0.0384615384615384,-0.9264138817480719,0
0.1666666666666666,0.5364457831325301,1
0.0,-0.45179948586118257,0
0.0,0.1930722891566265,0
0.1666666666666667,0.7716867469879518,1
0.0,0.4753012048192771,0
0.0,0.5463855421686747,0
0.0,0.23373493975903614,0
0.0,0.36265060240963853,0
0.0,-0.4640102827763496,0
0.0,-0.08386889460154245,0
0.0833333333333333,-0.5700514138817481,1
-0.2121212121212121,0.11626506024096385,0
0.0126050420168066,-0.27442159383033415,1
0.0,0.2743975903614458,0
0.0,-0.5279562982005142,0
0.6666666666666667,0.9849397590361446,1
0.0,-0.4672236503856041,0
0.0,-0.5054627249357326,0
0.6666666666666667,-0.8701799485861182,1
-0.0519480519480519,-0.9672236503856041,0
0.0,0.6319277108433735,0
0.075,0.5656626506024096,1
-0.1428571428571429,-0.9273778920308483,0
0.4,0.8451807228915663,1
0.0,-0.20919023136246784,0
0.0,-0.9347686375321337,0
0.0,-0.3711439588688946,0
0.0,-0.30109254498714655,0
0.0,-0.45822622107969146,0
0.0,-0.5748714652956298,0
0.0,-0.10282776349614398,0
0.0078431372549021,0.9677710843373494,1
0.0,-0.5739074550128535,0
0.0,-0.692159383033419,0
-0.1714285714285714,-0.9158097686375322,0
0.0,-0.061375321336760935,0
0.0,0.21024096385542168,0
0.0,0.12289156626506025,0
0.0,0.1674698795180723,0
0.0476190476190476,0.6201807228915662,1
0.0,-0.17577120822622105,0
0.0,0.26506024096385544,0
0.1666666666666667,0.7379518072289156,1
0.0,0.7171686746987952,0
0.0,0.7337349397590361,0
0.3777777777777777,0.5509036144578313,1
0.0,0.21445783132530122,0
0.0,-0.5077120822622108,0
-0.5,-0.5469151670951157,0
0.0,-0.2271850899742931,0
0.0,0.15632530120481927,0
0.0,0.19457831325301206,0
0.0,0.02108433734939759,0
0.0,-0.35025706940874035,0
0.0,0.20421686746987952,0
0.0,0.6234939759036144,0
-0.011111111111111,-0.9524421593830334,0
-0.25,-0.727827763496144,0
0.032258064516129,0.55,1
0.0,-0.5812982005141388,0
0.0,-0.11343187660668386,0
0.14,0.980722891566265,1
0.0,-0.37982005141388175,0
0.0,-0.22429305912596398,0
0.0,-0.3547557840616966,0
0.0,0.5123493975903615,0
0.0,0.26506024096385544,0
-0.0999999999999999,-0.9177377892030848,0
-0.1666666666666667,-0.804305912596401,0
0.1666666666666667,0.6457831325301204,1
0.0,0.7060240963855422,0
0.0,0.5174698795180723,0
0.0,0.1614457831325301,0
-0.2269841269841269,-0.6330334190231363,0
0.0,0.3882530120481928,0
0.5,0.46656626506024096,1
0.1111111111111111,0.958433734939759,1
0.0,0.7189759036144578,0
0.1964285714285714,0.6177710843373494,1
0.0,-0.6343187660668381,0
0.0,0.18042168674698794,0
0.0,0.3256024096385542,0
0.0,0.702710843373494,0
0.0,0.686144578313253,0
0.0,-0.27442159383033415,0
0.0,-0.0025706940874036244,0
0.4595238095238094,0.6150602409638555,1
0.0,-0.23746786632390748,0
0.0,0.1493975903614458,0
0.0,0.03313253012048193,0
0.0,-0.1812339331619537,0
0.0,-0.6597043701799485,0
0.0,-0.8139460154241646,0
0.2777777777777777,0.5789156626506025,1
0.0,0.18644578313253013,0
0.0,-0.8255141388174807,0
0.0,0.4243975903614458,0
0.1666666666666667,0.7771084337349398,1
0.0,-0.07487146529562982,0
-0.026107226107226,-0.6237146529562982,0
0.173611111111111,0.7680722891566265,1
0.5,0.8337349397590361,1
0.0,0.03162650602409638,0
0.0,-0.8708226221079691,0
0.0,0.821987951807229,0
0.0,0.4418674698795181,0
0.5,0.4831325301204819,1
0.0,0.46566265060240963,0
0.0,-0.05719794344473006,0
0.0,-0.512853470437018,0
0.0,0.1493975903614458,0
0.5416666666666665,0.8876506024096386,1
-0.1333333333333333,0.19879518072289157,0
0.0,-0.45212082262210795,0
0.0,0.3102409638554217,0
-0.0547360248447204,0.19036144578313252,0
0.0,0.016566265060240965,0
0.0,0.12289156626506025,0
0.25,0.47650602409638554,1
0.0,-0.2888817480719794,0
0.0,0.6954819277108434,0
0.0,-0.004177377892030876,0
0.0,-0.45629820051413883,0
0.5,-0.7088688946015425,1
0.0,-0.6291773778920309,0
0.0909090909090909,0.4397590361445783,1
0.1090909090909091,-0.5154241645244215,1
0.0777777777777777,0.4683734939759036,1
0.0,0.24156626506024095,0
0.0,0.630421686746988,0
0.2388888888888889,0.8975903614457831,1
-0.2166666666666666,0.3737951807228916,0
0.0,-0.30751928020565555,0
0.0,-0.640745501285347,0
0.0,-0.3348329048843187,0
0.0,-0.6143958868894601,0
0.1674603174603174,0.7930722891566265,1
0.0,0.10391566265060241,0
0.0,0.6578313253012048,0
0.0,0.3825301204819277,0
0.3333333333333333,0.7171686746987952,1
0.0,-0.8393316195372751,0
-0.3333333333333332,-0.5340616966580977,0
0.0,0.03162650602409638,0
0.0416666666666666,0.5879518072289157,1
0.0,0.4243975903614458,0
0.0,-0.17544987146529567,0
0.0,-0.4511568123393316,0
0.0,-0.09704370179948585,0
0.1777643260694107,0.6795180722891566,1
0.0,-0.1542416452442159,0
0.05,0.7680722891566265,1
0.0,0.6370481927710844,0
0.1006836779822762,0.38734939759036147,1
0.0,0.7030120481927711,0
0.0,0.26957831325301207,0
0.0,0.4346385542168675,0
0.0,0.4951807228915663,0
0.0,-0.5568766066838047,0
0.0714285714285714,0.5096385542168674,1
-0.2424242424242423,-0.9595115681233933,0
0.0,-0.27152956298200515,0
0.0,-0.2663881748071979,0
0.0,-0.7271850899742931,0
0.1204258976317799,0.9433734939759036,1
0.0519480519480519,0.8051204819277108,1
0.0,-0.21111825192802058,0
0.0,-0.15263496143958866,0
0.0,-0.2953084832904884,0
0.0,0.23042168674698796,0
-0.1666666666666667,-0.2271850899742931,0
0.1666666666666667,0.19427710843373494,1
-0.0833333333333333,-0.7573907455012854,0
0.0,-0.2638174807197944,0
0.0,-0.6519922879177378,0
0.0,0.6463855421686747,0
0.0,0.02710843373493976,0
0.1916666666666666,-0.5311696658097687,1
0.0,-0.4267352185089974,0
0.0560171146173073,0.9578313253012049,1
0.5,0.933433734939759,1
0.3333333333333332,0.8569277108433735,1
0.0,-0.18348329048843193,0
0.0,-0.7130462724935733,0
0.0,-0.4775064267352185,0
-0.5,-0.9331619537275064,0
0.0,-0.26510282776349614,0
0.0,-0.512853470437018,0
0.0,0.21204819277108433,0
0.0,-0.8274421593830334,0
0.1122710622710623,0.611144578313253,1
0.0,-0.5568766066838047,0
1.0,0.8969879518072289,1
0.0,0.5975903614457831,0
0.0,-0.2271850899742931,0
0.0,-0.18605398457583544,0
0.0,0.11626506024096385,0
0.3472222222222222,0.8894578313253012,1
0.0,-0.8316195372750643,0
0.2083333333333333,0.7521084337349397,1
0.0,-0.12757069408740362,0
0.0,0.004518072289156626,0
0.0,0.3400602409638554,0
0.2666666666666667,0.9024096385542169,1
0.0,0.3433734939759036,0
0.0,-0.22911311053984573,0
0.2857142857142857,0.0858433734939759,1
0.0,0.10271084337349398,0
0.0,-0.49646529562982,0
0.0,0.2575301204819277,0
0.0,-0.6455655526992288,0
0.0,-0.6465295629820051,0
0.0,0.5626506024096386,0
0.0,0.4075301204819277,0
0.2833333333333333,0.6602409638554216,1
0.0,-0.2075835475578406,0
0.0,-0.2403598971722365,0
0.1666666666666666,0.6996987951807229,1
0.0,0.2683734939759036,0
0.2095238095238095,0.9590361445783132,1
0.4375,0.9762048192771084,1
0.25,0.6924698795180723,1
0.0,0.07319277108433735,0
0.0,0.44728915662650603,0
0.0,0.5048192771084338,0
-0.1499999999999999,-0.9861825192802056,0
0.2333333333333334,0.7478915662650603,1
0.0,0.04427710843373494,0
-0.0427419354838709,-0.9151670951156812,0
0.0,-0.0491645244215938,0
0.6666666666666667,0.5879518072289157,1
0.1999999999999999,0.7966867469879518,1
-0.0526190476190476,-0.48778920308483287,0
0.0,0.7370481927710844,0
0.1014417465847317,0.9855421686746988,1
-1.0,-0.8785347043701799,0
0.0,0.01566265060240964,0
0.0,0.3328313253012048,0
-0.5,-0.8753213367609255,0
0.0,0.6475903614457831,0
0.0,-0.1413881748071979,0
0.3333333333333333,0.6840361445783133,1
0.0,-0.2763496143958869,0
0.0,-0.23264781491002573,0
0.0,0.5936746987951808,0
0.2884358288770052,0.971987951807229,1
0.0111111111111111,-0.839974293059126,1
0.125,0.22349397590361444,1
0.0,-0.6516709511568124,0
0.0,0.10843373493975904,0
0.0,-0.3084832904884319,0
0.0,-0.48907455012853474,0
0.0,-0.5144601542416453,0
-0.3,-0.7869537275064267,0
0.0,-0.1574550128534704,0
0.0,-0.10957583547557836,0
0.0,0.12590361445783133,0
0.0,-0.17320051413881743,0
0.0,-0.06426735218508994,0
0.0,-0.7904884318766067,0
0.1205984534788882,0.9138554216867469,1
0.0654761904761904,0.5563253012048193,1
0.25,0.6370481927710844,1
0.0,0.2177710843373494,0
0.0,-0.1642030848329049,0
0.0,-0.6211439588688946,0
0.0,0.16415662650602408,0
0.0,-0.6282133676092545,0
0.0,0.5716867469879519,0
0.0,-0.551413881748072,0
0.1666666666666667,0.9801204819277108,1
0.0240601503759398,-0.8875321336760925,1
0.2916666666666667,0.9373493975903614,1
-0.75,-0.8386889460154241,0
0.0,-0.714974293059126,0
0.0,0.5132530120481927,0
0.1261904761904763,-0.4344473007712082,1
0.0,0.3033132530120482,0
0.0,-0.5600899742930592,0
-0.0833333333333332,-0.705012853470437,0
0.0,0.5427710843373494,0
0.3333333333333333,0.846987951807229,1
0.25,0.672289156626506,1
0.25,0.4671686746987952,1
0.35,0.7237951807228916,1
0.0,0.6852409638554217,0
0.1666666666666667,0.5551204819277108,1
0.2777777777777778,0.3990963855421687,1
0.0,-0.22879177377892035,0
0.0,-0.6208226221079691,0
0.0,-0.16356041131105403,0
0.1833333333333333,0.8743975903614458,1
0.0,0.5587349397590361,0
0.0,0.6322289156626506,0
0.0,-0.3097686375321337,0
0.0,-0.19183804627249357,0
0.0,0.280421686746988,0
0.0,-0.2040488431876607,0
0.0,0.45933734939759036,0
0.0,0.36325301204819277,0
0.0,-0.5401670951156812,0
0.0,-0.8875321336760925,0
0.1875,0.8792168674698795,1
0.0,0.03463855421686747,0
-0.1587883141762451,-0.9469794344473008,0
-0.0480769230769231,-0.5700514138817481,0
0.0763687782805428,0.9003012048192771,1
0.0,0.31867469879518073,0
0.0,0.48102409638554217,0
0.0,-0.605719794344473,0
0.25,0.9189759036144578,1
0.1333333333333333,0.5882530120481928,1
-0.2499999999999999,-0.7789203084832905,0
0.125,0.2683734939759036,1
0.0,0.588855421686747,0
-0.1666666666666666,-0.6343187660668381,0
0.2847786271699314,0.9972891566265061,1
0.1008658008658006,0.9259036144578313,1
0.2741702741702742,0.6825301204819277,1
0.1221804511278196,0.7885542168674698,1
0.1904761904761904,0.5509036144578313,1
-0.1372727272727272,-0.8939588688946015,0
0.0,-0.2837403598971723,0
0.5,0.9129518072289157,1
0.2222222222222222,0.5509036144578313,1
0.0833333333333333,-0.1642030848329049,1
0.0,-0.698586118251928,0
0.0,0.47289156626506024,0
0.0,0.004216867469879518,0
0.0,-0.15520565552699228,0
-0.3111111111111111,-0.9045629820051414,0
0.0,-0.5796915167095116,0
0.0,-0.04080976863753216,0
0.0,-0.04048843187660667,0
0.0,-0.5739074550128535,0
0.0,-0.6561696658097687,0
0.0,-0.8309768637532133,0
0.0,0.10391566265060241,0
0.05,0.661144578313253,1
0.0,0.31867469879518073,0
0.0,-0.2570694087403599,0
0.0,-0.13721079691516713,0
0.0,0.17319277108433734,0
0.0,-0.24100257069408737,0
0.25,-0.3152313624678663,1
0.0,0.22409638554216868,0
0.5,0.702710843373494,1
0.0,0.03463855421686747,0
0.0,-0.4803984575835476,0
0.0,0.043674698795180725,0
0.0833333333333333,0.7135542168674699,1
0.3333333333333333,0.8846385542168674,1
0.0,-0.7808483290488432,0
0.5,0.4015060240963855,1
0.0,-0.2602827763496144,0
0.0599999999999999,-0.7297557840616966,1
0.0,0.20602409638554217,0
0.0,0.07771084337349397,0
-0.5,-0.9775064267352185,0
0.3833333333333334,0.9762048192771084,1
0.0,-0.22847043701799485,0
0.6666666666666667,0.7237951807228916,1
0.1904761904761904,0.8286144578313253,1
0.0,-0.8190874035989717,0
0.5,0.7352409638554217,1
0.5,0.9774096385542169,1
0.0,0.07198795180722892,0
0.1333333333333333,0.6424698795180723,1
0.0,-0.48200514138817485,0
0.0,-0.7140102827763496,0
0.0,-0.5739074550128535,0
0.0,-0.17480719794344468,0
-0.6666666666666667,-0.9601542416452442,0
0.0,0.4033132530120482,0
0.0,-0.27474293059125965,0
0.0,-0.3390102827763496,0
0.0,-0.09125964010282772,0
0.0,-0.14331619537275064,0
0.0,-0.7570694087403599,0
0.0,-0.05494858611825193,0
-0.0334281080853394,-0.6931233933161953,0
0.0,0.0,0
0.0,0.40090361445783135,0
0.0,0.16536144578313253,0
0.0,0.15933734939759037,0
0.0899016313454815,0.8969879518072289,1
0.3333333333333332,0.8015060240963855,1
0.0,0.035542168674698796,0
0.3833333333333332,0.7481927710843373,1
0.0,0.10512048192771084,0
-0.0307773109243697,-0.21143958868894597,0
0.3166666666666667,0.4855421686746988,1
0.0,0.0030120481927710845,0
0.0,-0.5115681233933163,0
-0.0975829725829726,-0.7480719794344473,0
0.0,-0.19183804627249357,0
0.0833333333333333,-0.8178020565552699,1
0.0,0.28012048192771083,0
0.2940170940170939,0.6759036144578313,1
0.0,0.29427710843373495,0
0.0,-0.4138817480719794,0
0.0,0.4575301204819277,0
0.5,0.42891566265060244,1
0.0,-0.10411311053984573,0
0.3928571428571428,0.975,1
0.470892161578436,0.9846385542168675,1
0.0,0.3617469879518072,0
0.0,-0.5957583547557841,0
0.0,-0.37339331619537275,0
0.0,-0.45886889460154245,0
0.1666666666666667,0.672289156626506,1
0.0,-0.2297557840616966,0
0.0,-0.01799485861182515,0
0.0,-0.1542416452442159,0
0.2888888888888888,0.9271084337349398,1
0.1264717348927875,0.661144578313253,1
0.0,-0.08001285347043707,0
0.0,0.08403614457831325,0
0.0,-0.5231362467866324,0
0.0,0.4162650602409639,0
0.0,0.3313253012048193,0
0.0,-0.2506426735218509,0
0.0,0.043373493975903614,0
0.0,-0.5588046272493573,0
0.0,-0.1642030848329049,0
0.0,-0.06683804627249357,0
0.0,0.16295180722891567,0
0.3333333333333332,0.9168674698795181,1
0.0625,0.7295180722891567,1
0.0,0.5349397590361445,0
0.0,0.7204819277108434,0
-0.3,-0.714974293059126,0
0.0,0.14156626506024098,0
0.0,0.48614457831325303,0
0.0,-0.21111825192802058,0
0.0,-0.2271850899742931,0
0.5,0.7466867469879518,1
0.0,0.12048192771084337,0
0.0,0.04216867469879518,0
0.0,-0.7811696658097687,0
0.0,-0.5459511568123394,0
0.0227861525938449,0.7090361445783132,1
-0.1333333333333333,-0.3939588688946015,0
-0.3333333333333332,-0.743573264781491,0
0.0,-0.4437660668380463,0
0.0,0.24849397590361447,0
0.0,-0.2271850899742931,0
0.2125,0.6424698795180723,1
0.0,-0.9874678663239075,0
0.0,0.40933734939759037,0
0.0,-0.18026992287917742,0
-0.3419047619047619,-0.9473007712082262,0
0.0,0.31626506024096385,0
-0.0499999999999999,0.029518072289156625,0
0.0,-0.09929305912596398,0
0.5,0.4828313253012048,1
0.0,-0.9874678663239075,0
0.0,0.5105421686746988,0
0.0986874236874238,0.9189759036144578,1
0.0,-0.2400385604113111,0
0.0,0.5620481927710843,0
0.0,0.2891566265060241,0
0.0,0.2852409638554217,0
0.4885057471264368,0.9129518072289157,1
0.0,0.6512048192771084,0
0.05,-0.26124678663239076,1
0.1666666666666667,0.4174698795180723,1
0.0,0.012048192771084338,0
0.3333333333333332,0.8198795180722892,1
0.0,-0.6394601542416453,0
0.5,0.7237951807228916,1
-0.15,-0.23136246786632386,0
0.0,-0.2271850899742931,0
0.0,0.15421686746987953,0
-0.0128559634809634,0.4078313253012048,0
0.0,0.841566265060241,0
0.0,-0.6368894601542416,0
-0.246218487394958,-0.8679305912596401,0
0.0,0.2246987951807229,0
0.1666666666666666,0.32319277108433736,1
0.1,-0.4566195372750642,1
0.0,-0.30430591259640105,0
-0.3805555555555555,-0.9309125964010283,0
0.0041666666666665,0.3783132530120482,1
0.3,0.4644578313253012,1
-0.0075593377150683,-0.952120822622108,0
0.0,0.5463855421686747,0
0.0,0.422289156626506,0
0.0,-0.537917737789203,0
0.0,-0.4142030848329049,0
0.1653439153439153,0.9484939759036145,1
0.1333333333333333,0.5174698795180723,1
0.0,-0.18348329048843193,0
0.0833333333333333,0.19518072289156627,1
-0.025,-0.4405526992287918,0
0.2622857142857142,0.9259036144578313,1
0.0,-0.06812339331619532,0
0.1666666666666667,0.6108433734939759,1
0.5,0.8554216867469879,1
0.0,-0.09061696658097684,0
0.0678754404062486,0.9632530120481928,1
0.0,-0.6150385604113111,0
0.0,-0.3026992287917738,0
0.0,-0.017673521850899765,0
0.0,0.5885542168674699,0
0.0,-0.3647172236503856,0
0.0080500894454382,-0.787917737789203,1
0.0,0.3132530120481928,0
-0.0496031746031745,-0.9546915167095116,0
0.25,0.8521084337349397,1
0.0,-0.5832262210796915,0
0.0,0.03132530120481928,0
0.0,-0.2204370179948586,0
0.0,0.44216867469879517,0
0.0,-0.21786632390745497,0
0.0,0.3430722891566265,0
0.0,0.7271084337349397,0
0.3670634920634921,0.9728915662650602,1
0.25,-0.6715938303341902,1
0.0,-0.7840616966580977,0
0.0,0.4515060240963855,0
0.0,0.4855421686746988,0
0.0,-0.4543701799485861,0
0.0,0.4075301204819277,0
0.5,0.7237951807228916,1
0.0,-0.7008354755784062,0
0.0,-0.059125964010282805,0
0.0,0.13855421686746988,0
0.0,-0.06683804627249357,0
0.0,0.5403614457831325,0
0.0,-0.17191516709511567,0
0.4060539019096581,0.9996987951807229,1
0.0,0.10271084337349398,0
0.0,-0.7818123393316195,0
0.0,-0.6529562982005142,0
0.0,-0.525706940874036,0
0.0,0.1427710843373494,0
-0.0896464646464647,-0.6269280205655527,0
0.0,0.08765060240963855,0
0.8,0.6548192771084337,1
0.0,-0.4145244215938303,0
0.3198526765632029,0.9939759036144579,1
0.0,-0.5838688946015425,0
0.0,-0.4235218508997429,0
-0.0202020202020202,-0.49100257069408737,0
0.0,-0.6883033419023137,0
0.3888888888888888,0.6843373493975904,1
-0.2722222222222222,-0.5179948586118253,0
0.0,0.3433734939759036,0
0.0,-0.15681233933161953,0
0.0333333333333333,0.5268072289156627,1
0.0,0.02891566265060241,0
0.0,0.6527108433734939,0
0.0,-0.17191516709511567,0
0.25,0.6677710843373494,1
0.6,0.7879518072289157,1
0.0416666666666666,-0.3361182519280206,1
-0.5,-0.9887532133676092,0
0.0,-0.47814910025706936,0
-0.0170454545454545,-0.0854755784061697,0
0.0106359649122804,-0.6269280205655527,1
0.1855287569573285,0.8596385542168675,1
0.0,0.043674698795180725,0
0.0833333333333333,0.816566265060241,1
0.0,0.3424698795180723,0
0.0,-0.04723650385604117,0
0.1418831168831168,0.738855421686747,1
0.0,0.03433734939759036,0
0.0,0.16415662650602408,0
0.5,0.6852409638554217,1
0.05,0.8632530120481928,1
0.0,-0.127892030848329,0
-0.009090909090909,-0.5469151670951157,0
0.2222222222222222,0.6984939759036145,1
0.3220973782771535,0.869277108433735,1
-0.1666666666666666,-0.5739074550128535,0
0.0833333333333332,0.9120481927710843,1
0.1666666666666667,0.40572289156626506,1
-0.1666666666666666,-0.7233290488431876,0
0.0071794871794872,0.4466867469879518,1
0.0,-0.5456298200514138,0
0.0,0.08343373493975903,0
0.0,0.40813253012048195,0
-0.0132575757575756,-0.5739074550128535,0
0.0,-0.8997429305912596,0
0.0773809523809523,0.4990963855421687,1
-0.3,-0.6741645244215938,0
0.0,-0.21947300771208222,0
0.0833333333333333,0.7987951807228916,1
1.0,0.9689759036144578,1
0.0,-0.5475578406169666,0
0.0,-0.24742930591259638,0
0.3,-0.34093830334190234,1
0.0,0.163855421686747,0
0.5,0.8719879518072289,1
0.0,0.0677710843373494,0
0.0,-0.6336760925449871,0
0.0,-0.09479434447300772,0
0.0833333333333333,0.6783132530120481,1
0.0,0.029819277108433736,0
0.0,-0.3255141388174807,0
0.3944444444444444,0.9442771084337349,1
0.0,-0.16934447300771205,0
0.0,0.6141566265060241,0
0.1666666666666667,0.8243975903614458,1
-0.1428571428571428,-0.5147814910025708,0
-0.5,-0.8194087403598972,0
0.0,-0.6208226221079691,0
-0.0993977539930403,-0.8055912596401028,0
0.0,-0.18348329048843193,0
0.1666666666666666,0.8948795180722892,1
0.0,-0.4765424164524421,0
0.0,-0.41356041131105403,0
0.0,0.36626506024096384,0
0.3380952380952382,0.9957831325301205,1
-0.2347454133168419,-0.9913239074550129,0
0.0,-0.26124678663239076,0
0.5,0.3882530120481928,1
0.0,-0.9142030848329049,0
0.0,-0.49196658097686374,0
0.0635854341736695,0.6234939759036144,1
0.0,0.38403614457831325,0
0.480345471521942,0.977710843373494,1
0.0,-0.19183804627249357,0
-0.3,-0.8566838046272494,0
0.0,0.09759036144578313,0
0.0,-0.30430591259640105,0
-0.0333333333333333,-0.5276349614395888,0
0.0,-0.44280205655526994,0
0.0,0.26867469879518074,0
0.0,0.37680722891566265,0
0.0,0.10271084337349398,0
0.2023809523809523,0.8996987951807229,1
0.0749999999999999,-0.39620822622107965,1
-0.0607142857142857,-0.8560411311053985,0
0.0,0.7237951807228916,0
0.0,0.36626506024096384,0
0.6666666666666667,0.7975903614457831,1
0.0,0.3759036144578313,0
0.0,-0.1484575835475579,0
0.2063492063492064,0.42409638554216866,1
0.0,0.0,0
0.1333333333333333,0.7551204819277109,1
0.0,-0.6899100257069408,0
0.1666666666666666,0.525,1
0.0,0.4771084337349398,0
0.0833333333333333,-0.6863753213367609,1
0.3571428571428571,0.9189759036144578,1
0.0,-0.46240359897172234,0
0.0,0.336144578313253,0
-0.0333333333333333,-0.7696015424164524,0
0.0,0.4316265060240964,0
0.0,0.2668674698795181,0
0.0,-0.4672236503856041,0
0.0,0.6343373493975903,0
-0.0571428571428571,-0.4344473007712082,0
0.0,0.6240963855421687,0
0.0,-0.035025706940874035,0
-0.0952380952380953,0.2503012048192771,0
0.0,-0.8030205655526992,0
0.0,-0.5767994858611825,0
0.0,0.2427710843373494,0
0.0,-0.38978149100257065,0
0.0,0.20933734939759036,0
-0.1685897435897436,-0.8576478149100257,0
0.0,-0.28502570694087404,0
0.3333333333333333,0.7162650602409638,1
0.0,0.1927710843373494,0
0.3333333333333333,0.47771084337349395,1
0.3249999999999999,0.9051204819277109,1
0.0,-0.6889460154241644,0
-0.0333333333333334,-0.18573264781491006,0
0.0,0.03132530120481928,0
0.0,0.05210843373493976,0
0.0,0.11174698795180722,0
-0.111111111111111,-0.7320051413881747,0
0.0,-0.5253856041131105,0
0.2148629148629148,0.8719879518072289,1
0.0,-0.39363753213367614,0
-0.1845238095238095,-0.9765424164524421,0
0.1388888888888888,-0.44922879177377895,1
0.1904761904761904,0.8987951807228916,1
0.0,-0.34704370179948585,0
0.0,0.5240963855421686,0
0.0,-0.0922236503856041,0
-0.2424242424242424,-0.6905526992287918,0
0.0,0.4075301204819277,0
0.0,-0.19344473007712082,0
0.0,0.15753012048192772,0
0.0,0.3855421686746988,0
-0.5,-0.9148457583547558,0
0.0,0.0713855421686747,0
0.0,0.6840361445783133,0
0.6666666666666667,0.880421686746988,1
0.0,-0.6744858611825193,0
0.0,0.6695783132530121,0
0.0,0.5756024096385542,0
-0.5,-0.25224935732647813,0
0.0,0.5774096385542169,0
0.0,0.1674698795180723,0
0.0,-0.8753213367609255,0
0.0,-0.17994858611825193,0
0.0428904428904428,0.6828313253012048,1
0.0,-0.34093830334190234,0
0.0,-0.4775064267352185,0
0.1428571428571428,0.8400602409638555,1
0.0,-0.41548843187660667,0
0.0,-0.24228791773778924,0
0.0,0.6924698795180723,0
0.1300099206349206,0.927710843373494,1
0.0,0.2319277108433735,0
0.0,0.49789156626506026,0
0.0,0.0,0
0.0,0.6954819277108434,0
0.0,-0.256426735218509,0
0.0,-0.8643958868894601,0
-0.6666666666666667,-0.9524421593830334,0
0.0833333333333333,-0.8280848329048843,1
0.273076923076923,0.928012048192771,1
0.0,-0.02699228791773778,0
0.0,0.7662650602409639,0
0.0,0.2753012048192771,0
0.0,0.14096385542168674,0
0.0,0.04036144578313253,0
0.0,-0.7165809768637532,0
0.0,0.33042168674698796,0
-0.25,-0.9704370179948586,0
0.0,-0.7053341902313625,0
0.8333333333333334,0.01897590361445783,1
0.0,0.5819277108433735,0
0.0,0.2177710843373494,0
-0.0927513227513227,-0.9948586118251928,0
0.0,0.08433734939759036,0
0.0,0.3240963855421687,0
0.0,0.27228915662650605,0
0.0,0.2533132530120482,0
0.0,0.3216867469879518,0
-0.0333333333333333,-0.7808483290488432,0
0.375,0.6638554216867469,1
0.0,-0.19312339331619532,0
0.0,-0.10989717223650386,0
0.5,0.47379518072289156,1
0.0,0.41295180722891567,0
0.2,0.4246987951807229,1
0.0,-0.7744215938303342,0
0.5,0.9289156626506024,1
0.0,0.4283132530120482,0
0.0,-0.800771208226221,0
0.1333333333333333,0.8686746987951808,1
0.0,0.30903614457831324,0
0.0,0.15813253012048192,0
0.0,-0.6735218508997429,0
0.0,-0.08965295629820047,0
0.5,0.7207831325301205,1
0.0,0.2996987951807229,0
0.0,-0.23778920308483287,0
0.0,-0.9026349614395887,0
0.0,-0.5109254498714653,0
0.0,-0.06844473007712082,0
0.0,0.02650602409638554,0
-0.1071428571428572,-0.8139460154241646,0
-0.9375,-0.9077763496143959,0
0.0,0.05783132530120482,0
0.3571428571428572,0.8379518072289157,1
0.0,0.4843373493975904,0
0.0833333333333332,0.2783132530120482,1
0.0,-0.8126606683804627,0
0.4375,0.9078313253012048,1
0.0,0.20722891566265061,0
0.0,-0.0690874035989717,0
0.0,-0.19248071979434445,0
0.0,-0.06651670951156807,0
0.0,-0.5665167095115682,0
0.0,-0.18573264781491006,0
0.0,-0.22429305912596398,0
0.0,-0.5819408740359897,0
0.1666666666666666,0.6906626506024096,1
0.0,0.07198795180722892,0
0.0,0.10813253012048193,0
0.0,-0.5247429305912596,0
0.4314814814814814,0.855722891566265,1
-0.1454545454545454,-0.9942159383033419,0
0.0,-0.008033419023136257,0
0.45,0.5439759036144578,1
0.0,0.10090361445783133,0
0.0,0.3629518072289157,0
-0.5,-0.6320694087403599,0
0.0,-0.4903598971722365,0
0.0,0.19759036144578312,0
-0.3809523809523809,-0.6603470437017995,0
0.0,-0.3158740359897172,0
0.0,-0.3390102827763496,0
0.0,-0.14942159383033415,0
0.0,0.21265060240963857,0
0.0,0.2533132530120482,0
-0.05,-0.7390745501285347,0
0.25,0.6981927710843373,1
-0.0508103008103008,-0.9338046272493573,0
0.0,-0.22493573264781486,0
0.0,-0.46561696658097684,0
0.1520007770007769,0.935843373493976,1
0.0,-0.3190874035989717,0
-0.0833333333333333,-0.8251928020565553,0
0.0,0.36686746987951807,0
0.0,-0.21786632390745497,0
0.0,-0.5176735218508998,0
-0.125,0.15,0
0.0,-0.4334832904884319,0
-0.0927248677248676,0.1930722891566265,0
0.15,0.9343373493975904,1
-0.3,-0.6262853470437018,0
0.0773809523809523,0.14849397590361446,1
0.0,0.4780120481927711,0
0.0,0.07771084337349397,0
0.0,0.6680722891566265,0
0.0,0.24849397590361447,0
0.5,0.9433734939759036,1
-0.0999999999999999,0.7265060240963855,0
0.0,-0.47557840616966585,0
0.0,-0.05366323907455017,0
-0.1085858585858586,-0.9241645244215938,0
0.0,0.7966867469879518,0
0.5,0.6093373493975903,1
0.0,-0.19697943444730082,0
0.8,0.7795180722891566,1
0.0,-0.013174807197943394,0
0.0,-0.2271850899742931,0
0.0,0.17951807228915662,0
0.0,-0.25546272493573263,0
0.25,0.2493975903614458,1
0.0,-0.5568766066838047,0
0.0,0.7493975903614458,0
-0.0916666666666666,-0.8367609254498715,0
0.0,0.6786144578313253,0
0.0,0.42680722891566264,0
0.0,-0.13046272493573263,0
0.0,0.18283132530120483,0
-0.0769230769230768,-0.7535347043701799,0
0.0,0.6695783132530121,0
-0.5,-0.919987146529563,0
0.0,-0.9852185089974294,0
0.0,0.5228915662650603,0
0.0,-0.18894601542416456,0
0.351111111111111,0.9870481927710844,1
0.0,-0.0758354755784062,0
0.0,0.5587349397590361,0
0.0,-0.1838046272493573,0
0.0,0.5003012048192771,0
0.0,0.11114457831325301,0
-0.1047008547008545,-0.9077763496143959,0
0.0,-0.0491645244215938,0
0.0,0.20963855421686747,0
0.0,-0.4019922879177378,0
0.0,0.3710843373493976,0
-0.1111111111111111,-0.9926092544987146,0
0.0,0.3364457831325301,0
0.0,-0.1484575835475579,0
0.0,0.4542168674698795,0
0.0702020202020202,0.2656626506024096,1
0.0,0.18433734939759036,0
0.05,-0.9042416452442159,1
0.0,-0.4203084832904884,0
0.1629629629629629,0.4644578313253012,1
0.0,0.5478915662650602,0
-0.8,-0.785025706940874,0
0.0,-0.5774421593830334,0
0.0,-0.7982005141388175,0
-0.0103174603174603,-0.08129820051413883,0
0.5,0.9424698795180723,1
0.0,-0.2699228791773779,0
0.0,0.033734939759036145,0
0.0,-0.05494858611825193,0
0.25,0.8734939759036144,1
0.0,-0.26188946015424164,0
0.127435064935065,0.9370481927710843,1
0.0,-0.3782133676092545,0
0.0,0.3954819277108434,0
0.5,0.7135542168674699,1
0.0,-0.10282776349614398,0
0.0,-0.3547557840616966,0
0.0,0.0713855421686747,0
0.0,-0.042416452442159414,0
0.0,-0.47557840616966585,0
0.1703431372549019,0.8466867469879518,1
0.0,-0.45822622107969146,0
0.0,0.3328313253012048,0
-0.25,-0.9775064267352185,0
0.0,-0.04980719794344468,0
-0.1140350877192982,-0.14074550128534702,0
0.25,0.5906626506024096,1
0.0,0.42981927710843376,0
0.0,-0.09190231362467871,0
0.8333333333333334,0.20421686746987952,1
0.0,-0.6931233933161953,0
0.0,0.327710843373494,0
-0.1111111111111111,-0.8576478149100257,0
0.0,-0.3152313624678663,0
0.2677419354838709,0.922289156626506,1
0.0,0.14879518072289158,0
-0.0972222222222223,-0.9929305912596401,0
0.0,-0.743573264781491,0
0.0,0.4674698795180723,0
0.0,0.07228915662650602,0
0.0,-0.041773778920308535,0
0.0,-0.6233933161953727,0
0.4166666666666666,0.9698795180722891,1
0.0,-0.12307197943444725,0
0.25,0.9743975903614458,1
0.5,0.9024096385542169,1
0.1666666666666667,0.619277108433735,1
0.0,-0.6233933161953727,0
0.0,-0.8772493573264781,0
0.0,-0.6481362467866324,0
0.0,-0.7300771208226221,0
0.4722222222222222,0.983433734939759,1
-0.15,-0.9344473007712082,0
0.0,0.6807228915662651,0
0.0,-0.48457583547557836,0
-0.25,-0.7098329048843188,0
0.0,-0.8505784061696658,0
0.0,0.19789156626506024,0
0.0833333333333332,0.2512048192771084,1
0.0,-0.6330334190231363,0
0.0,-0.048521850899742924,0
-0.25,-0.8666452442159382,0
0.0,-0.025385604113110527,0
0.0,0.13825301204819276,0
0.5,0.7921686746987951,1
0.0,-0.05944730077120819,0
0.0,-0.1420308483290489,0
0.1999999999999999,0.8313253012048193,1
0.0,0.4578313253012048,0
0.0,0.4707831325301205,0
0.1666666666666666,0.6762048192771084,1
0.0,-0.589974293059126,0
0.0,0.6153614457831326,0
0.1704545454545454,0.9578313253012049,1
0.0,-0.10122107969151672,0
0.0,0.286144578313253,0
-0.1521746031746031,-0.964974293059126,0
0.1468253968253967,0.7566265060240964,1
0.0,0.2822289156626506,0
0.0,-0.17609254498714655,0
0.0,-0.5160668380462725,0
-0.1666666666666667,-0.8255141388174807,0
0.0,-0.12982005141388175,0
0.0,-0.17641388174807193,0
-0.0333333333333333,-0.8987789203084833,0
0.0,-0.6706298200514138,0
0.0,-0.44890745501285345,0
-0.0113378684807256,-0.6465295629820051,0
0.0,-0.9530848329048843,0
0.0,0.36204819277108435,0
0.25,-0.6143958868894601,1
0.0,-0.009961439588688892,0
0.0,0.43403614457831324,0
0.0,-0.0658740359897172,0
-0.1666666666666666,-0.41034704370179953,0
0.0,-0.5012853470437018,0
0.0,0.691566265060241,0
-0.0079365079365079,0.5774096385542169,0
0.0,0.6201807228915662,0
0.0,0.5424698795180722,0
0.0,0.6677710843373494,0
0.0,-0.04466580976863754,0
0.0,-0.04048843187660667,0
0.6666666666666667,0.7695783132530121,1
0.0,-0.9508354755784062,0
0.0,-0.16388174807197942,0
0.25,0.8460843373493976,1
0.0,0.2563253012048193,0
0.0,0.516566265060241,0
0.0,-0.8650385604113111,0
0.0,0.43493975903614457,0
0.0,-0.0491645244215938,0
0.0,0.1819277108433735,0
0.0,-0.08194087403598971,0
0.0,0.1355421686746988,0
0.0,0.3954819277108434,0
0.0,0.42680722891566264,0
0.0,0.5240963855421686,0
0.0,0.033734939759036145,0
0.0833333333333333,-0.16966580976863754,1
0.0305539698396841,-0.8190874035989717,1
-0.2166666666666666,-0.919987146529563,0
0.5,0.8256024096385542,1
0.0,0.15210843373493976,0
0.1666666666666666,0.9487951807228916,1
0.1904761904761904,0.6207831325301205,1
-0.5,-0.9993573264781491,0
-0.1888888888888888,0.27319277108433737,0
0.0,-0.20533419023136246,0
-0.211111111111111,-0.714974293059126,0
0.1473684210526316,0.6704819277108434,1
0.13009768009768,0.6433734939759036,1
0.0,-0.42544987146529567,0
0.0,-0.2239717223650386,0
0.0,0.054819277108433734,0
0.0,0.5885542168674699,0
0.1666666666666666,0.38373493975903616,1
-0.6666666666666667,-0.7432519280205656,0
-0.1933333333333333,-0.9723650385604113,0
0.0,-0.28149100257069404,0
0.0,-0.8216580976863753,0
0.0,-0.37724935732647813,0
0.0,0.29548192771084336,0
0.25,0.7123493975903614,1
0.0,-0.19151670951156807,0
-0.5,-0.7708868894601543,0
-0.6666666666666667,-0.5909383033419023,0
0.0,0.6406626506024097,0
0.0,-0.33386889460154245,0
0.0,-0.1484575835475579,0
-0.123015873015873,-1.0,0
0.0,-0.30430591259640105,0
0.0,0.5867469879518072,0
0.0,-0.9697943444730077,0
0.0,0.12048192771084337,0
0.0,-0.6503856041131105,0
0.0,-0.6198586118251928,0
-0.5,-0.7079048843187661,0
0.5,0.7144578313253012,1
0.0638095238095238,0.7984939759036145,1
-0.5,-0.8582904884318766,0
0.0,-0.2827763496143959,0
0.0333333333333333,0.1786144578313253,1
0.0,-0.06555269922879181,0
0.0,0.004216867469879518,0
0.0,-0.041773778920308535,0
0.0,-0.32358611825192807,0
0.0,-0.8660025706940874,0
0.6,0.9442771084337349,1
0.0,0.5195783132530121,0
0.3571428571428572,0.04969879518072289,1
-0.3571428571428571,-0.7291131105398457,0
0.0,-0.18348329048843193,0
0.0,-0.6147172236503856,0
-0.1428571428571428,-0.9543701799485861,0
0.2083333333333333,0.3819277108433735,1
0.0,-0.16677377892030854,0
0.0,-0.8913881748071979,0
0.25,0.9554216867469879,1
0.0,0.327710843373494,0
0.0,-0.8647172236503856,0
0.0,0.5400602409638554,0
0.0,-0.3194087403598972,0
0.0,-0.3190874035989717,0
0.3333333333333333,0.786144578313253,1
0.0,-0.7718508997429305,0
0.0,-0.2602827763496144,0
0.0,-0.4084190231362468,0
0.0,0.6533132530120482,0
0.0,0.5153614457831325,0
0.0,-0.28823907455012854,0
0.0,-0.6147172236503856,0
0.0,0.08493975903614458,0
0.0,-0.12660668380462725,0
-0.1888888888888888,-0.9154884318766067,0
-0.1428571428571428,-0.9765424164524421,0
0.0176286676286677,-0.8669665809768637,1
0.0,-0.06266066838046269,0
0.0,-0.4611182519280206,0
0.0,-0.6095758354755785,0
0.0,0.48614457831325303,0
0.1333333333333333,0.7433734939759036,1
0.0,-0.1609897172236504,0
0.1999999999999999,0.8897590361445783,1
0.0,-0.68926735218509,0
0.0,-0.05816195372750643,0
0.0,0.7114457831325302,0
0.0,-0.12371465295629824,0
0.0,0.0,0
0.0816666666666666,0.9048192771084337,1
0.0,0.3674698795180723,0
0.0,0.5096385542168674,0
0.0,0.4322289156626506,0
0.0,0.0,0
-0.0341880341880342,-0.12435732647814912,0
0.0,-0.033419023136246784,0
0.1333333333333333,0.8286144578313253,1
-0.3,-0.9781491002570694,0
0.0,-0.6160025706940875,0
0.0,0.4162650602409639,0
0.0,0.591566265060241,0
0.0,-0.6134318766066837,0
-0.5,0.15813253012048192,0
0.0,0.3,0
-0.5,-0.8354755784061697,0
0.0,0.0,0
0.0,-0.31330334190231357,0
0.0,0.31626506024096385,0
0.0833333333333332,0.6503012048192771,1
0.0,-0.5147814910025708,0
0.3333333333333333,0.8858433734939759,1
0.0,0.016867469879518072,0
0.255266618842659,0.8996987951807229,1
0.0,-0.08483290488431872,0
0.0,0.24487951807228917,0
0.0670454545454546,0.277710843373494,1
0.0,0.6457831325301204,0
0.0,0.3358433734939759,0
0.2748768472906404,0.9870481927710844,1
0.0,-0.31330334190231357,0
0.0,0.22439759036144577,0
0.0,-0.6352827763496144,0
-0.5,-0.6706298200514138,0
-0.1333333333333333,-0.8582904884318766,0
0.1666666666666666,0.8521084337349397,1
0.0,-0.3184447300771208,0
0.0,-0.7165809768637532,0
0.0,0.07801204819277109,0
0.5,0.6518072289156627,1
-0.0095238095238094,-0.5295629820051414,0
0.0,0.23463855421686747,0
-0.1666666666666666,-0.922879177377892,0
-0.0414224861414784,-0.9338046272493573,0
0.3333333333333333,0.9105421686746988,1
0.0,-0.09479434447300772,0
0.0,-0.18894601542416456,0
0.5,0.9168674698795181,1
-0.3333333333333333,-0.4084190231362468,0
-0.0571428571428571,-0.8827120822622108,0
0.3928571428571429,0.9762048192771084,1
-0.1653828197945845,-0.9704370179948586,0
0.6666666666666667,0.6466867469879518,1
0.0,0.583433734939759,0
0.0571428571428571,0.2656626506024096,1
0.0,0.13795180722891567,0
0.0,-0.7255784061696657,0
0.8333333333333334,0.8686746987951808,1
0.0,-0.7390745501285347,0
0.0833333333333332,-0.7336118251928021,1
0.0,-0.28727506426735216,0
0.0,0.04939759036144578,0
-0.2592592592592592,-0.6429948586118253,0
0.0,-0.2959511568123393,0
0.0,-0.7606041131105399,0
0.0,0.22349397590361444,0
0.0,0.55,0
0.274074074074074,0.8737951807228915,1
0.0,0.13614457831325302,0
0.0,0.14849397590361446,0
0.0,0.4286144578313253,0
0.0,-0.46497429305912596,0
-0.03125,-0.9874678663239075,0
0.1912087912087912,0.8430722891566265,1
0.0,0.2177710843373494,0
0.0,0.5463855421686747,0
0.0,-0.3846401028277635,0
0.0,0.01325301204819277,0
0.0,0.15120481927710844,0
0.0,0.19337349397590362,0
0.0,-0.6902313624678663,0
0.0,-0.44890745501285345,0
0.4666666666666667,0.8346385542168675,1
0.0,-0.3059125964010283,0
0.0,0.3963855421686747,0
0.2222222222222222,0.869578313253012,1
0.0,-0.26124678663239076,0
0.0,0.7969879518072289,0
0.0,0.11024096385542169,0
0.0,0.031927710843373494,0
0.0238095238095238,0.0427710843373494,1
0.0,-0.3091259640102828,0
0.0607575757575757,0.6930722891566266,1
-0.05,-0.8660025706940874,0
0.0,-0.15199228791773778,0
0.0,0.44969879518072287,0
-0.3333333333333333,-0.4212724935732648,0
0.0,-0.19248071979434445,0
-0.5,-0.5552699228791773,0
0.0,0.288855421686747,0
0.0,-0.08611825192802058,0
0.1333333333333333,0.4542168674698795,1
0.0,0.5349397590361445,0
0.0,-0.5372750642673522,0
0.0,0.780421686746988,0
0.0,0.21927710843373494,0
0.0,0.5512048192771084,0
0.0,0.48463855421686747,0
0.0,-0.017673521850899765,0
0.0,-0.772172236503856,0
-0.6666666666666667,-0.7625321336760925,0
0.0,0.3891566265060241,0
0.004344193817878,-0.9514781491002571,1
0.0,-0.31394601542416456,0
0.0,0.6503012048192771,0
0.0,-0.11600257069408737,0
0.0,-0.0427377892030848,0
0.0,-0.4016709511568124,0
0.5,0.8716867469879518,1
0.0,0.0,0
0.875,0.9596385542168675,1
0.0,0.053614457831325305,0
0.0,-0.33965295629820047,0
0.0,-0.23586118251928023,0
0.0,-0.7300771208226221,0
-0.5,-0.714974293059126,0
0.1666666666666666,0.6870481927710843,1
-0.6666666666666667,-0.9749357326478149,0
0.0833333333333333,0.7885542168674698,1
0.0,-0.6969794344473008,0
0.0,-0.33965295629820047,0
0.0,0.09849397590361446,0
0.0,-0.5568766066838047,0
0.6666666666666667,0.46054216867469877,1
0.1666666666666667,0.9430722891566266,1
0.111111111111111,0.5620481927710843,1
-0.0833333333333333,-0.5960796915167095,0
0.0,0.18734939759036146,0
0.0,-0.6870179948586118,0
0.0535714285714284,0.825,1
0.0,-0.7586760925449871,0
0.0,-0.3026992287917738,0
0.0,-0.6298200514138818,0
0.0,-0.5886889460154241,0
-0.1527777777777778,-0.6523136246786632,0
0.0,0.4078313253012048,0
0.0,-0.2696015424164524,0
0.0,0.43765060240963854,0
0.1666666666666667,0.5653614457831325,1
0.0,-0.33386889460154245,0
0.0,0.02469879518072289,0
0.0,0.6448795180722892,0
0.0,-0.8650385604113111,0
0.0428030303030302,0.044879518072289154,1
0.5181818181818181,0.8608433734939759,1
0.0,-0.7535347043701799,0
0.0,-0.21915167095115684,0
0.0,-0.20822622107969146,0
0.3333333333333333,0.8385542168674699,1
-0.6666666666666667,-0.9270565552699229,0
0.75,0.7412650602409638,1
-0.1111111111111111,-0.8531491002570695,0
0.0,0.5231927710843374,0
0.0,0.4090361445783133,0
0.0055555555555555,-0.7859897172236504,1
0.0,-0.23232647814910024,0
0.0,0.12289156626506025,0
0.0,0.08765060240963855,0
0.0,-0.010925449871465265,0
0.0,-0.1683804627249358,0
0.0749999999999999,-0.3807840616966581,1
0.0,-0.030526992287917776,0
0.5,0.8948795180722892,1
0.5,0.6572289156626506,1
0.0,0.3228915662650602,0
0.1666666666666666,0.9325301204819277,1
0.0,-0.10893316195372749,0
0.0,-0.26413881748071977,0
0.0,0.17951807228915662,0
0.0,0.018373493975903616,0
0.1666666666666667,0.8099397590361446,1
0.0,0.5668674698795181,0
-0.25,-0.2965938303341902,0
0.0,0.5460843373493975,0
0.409090909090909,0.7695783132530121,1
0.0,-0.017673521850899765,0
0.0,-0.05848329048843193,0
0.0,-0.19248071979434445,0
0.0,0.44126506024096385,0
0.0,-0.5462724935732648,0
0.0,0.4286144578313253,0
0.3333333333333333,0.8159638554216867,1
0.0,-0.7271850899742931,0
0.0,0.702710843373494,0
0.0,0.09698795180722891,0
0.1388888888888888,-0.4797557840616966,1
0.1666666666666666,0.30512048192771085,1
0.4305555555555555,0.9015060240963856,1
0.0,0.31626506024096385,0
0.0,-0.41934447300771205,0
0.0,0.55,0
0.1666666666666666,-0.8280848329048843,1
0.0222222222222222,-0.7811696658097687,1
0.25,0.6879518072289157,1
0.0,0.27379518072289155,0
0.1333333333333333,0.8421686746987952,1
0.0,-0.3065552699228792,0
0.0584795321637426,-0.8190874035989717,1
0.0888888888888889,0.8626506024096385,1
0.0,-0.8142673521850899,0
0.0,-0.8586118251928021,0
0.0,-0.5147814910025708,0
-0.1547619047619047,-0.6590616966580977,0
0.0,0.2885542168674699,0
0.1333333333333333,0.6370481927710844,1
0.0,-0.3589331619537275,0
0.0,-0.0035347043701799974,0
0.0,-0.1609897172236504,0
-0.0833333333333333,0.363855421686747,0
0.0,-0.09993573264781486,0
0.0,0.6873493975903614,0
0.5,0.930421686746988,1
0.0,-0.3155526992287918,0
-0.1534090909090909,-0.7741002570694088,0
0.0,-0.3521850899742931,0
0.0,-0.1613110539845758,0
0.1666666666666667,0.6219879518072289,1
0.0,0.5156626506024097,0
-0.05,0.07771084337349397,0
0.0,0.06265060240963856,0
0.0,0.10150602409638554,0
0.0,0.23674698795180724,0
-0.0833333333333332,0.48734939759036144,0
0.0,-0.4440874035989717,0
0.0,-0.050128534704370176,0
-0.1527777777777777,-0.8534704370179949,0
0.0,0.02469879518072289,0
0.173611111111111,0.8201807228915663,1
0.0,-0.5292416452442159,0
-0.0833333333333333,-0.9106683804627249,0
0.0,-0.18026992287917742,0
0.0,0.3024096385542169,0
-0.25,-0.8190874035989717,0
0.3333333333333333,0.7367469879518073,1
0.0,0.08765060240963855,0
0.0,0.011144578313253013,0
0.0,0.3993975903614458,0
0.1666666666666667,0.6021084337349397,1
0.0,-0.18348329048843193,0
0.0,-0.12371465295629824,0
0.0,0.7843373493975904,0
0.0,0.06746987951807229,0
0.0706021251475796,0.9228915662650602,1
-0.0007575757575758,-0.10700514138817485,0
0.0,-0.8049485861182519,0
0.0,0.4310240963855422,0
0.0,-0.6208226221079691,0
0.0,-0.7413239074550129,0
0.0,0.09397590361445783,0
0.0555555555555555,0.7801204819277109,1
0.0,-0.4344473007712082,0
0.0,-0.21818766066838047,0
-0.25,-0.9874678663239075,0
0.0,-0.1616323907455013,0
0.0,0.6069277108433735,0
0.0,-0.692159383033419,0
-0.3333333333333333,-0.6905526992287918,0
0.3333333333333333,0.6466867469879518,1
0.5,0.5948795180722891,1
0.125,-0.4305912596401028,1
0.0,-0.5282776349614395,0
0.0,-0.535025706940874,0
0.0,0.0,0
0.1666666666666666,-0.19537275064267356,1
0.0,0.6677710843373494,0
0.0,0.3963855421686747,0
0.0,0.1427710843373494,0
0.0,-0.7741002570694088,0
0.1666666666666666,0.8367469879518072,1
0.5,-0.5668380462724936,1
-0.3214285714285714,-0.9858611825192802,0
0.5,0.5442771084337349,1
0.0,-0.705012853470437,0
0.0,-0.3184447300771208,0
0.0,-0.6934447300771208,0
0.0,-0.08901028277634959,0
-0.209090909090909,0.3424698795180723,0
0.5,0.5132530120481927,1
0.0,0.3996987951807229,0
0.0,-0.30494858611825193,0
-0.1666666666666666,-0.8046272493573265,0
0.0,0.11475903614457832,0
0.0,0.18433734939759036,0
0.0,-0.7522493573264781,0
-0.068452380952381,-0.9636889460154242,0
0.0528083028083028,0.6906626506024096,1
0.6666666666666667,0.7918674698795181,1
0.0,0.44849397590361445,0
0.5,0.5358433734939759,1
0.0,-0.12596401028277637,0
0.0,0.43042168674698794,0
0.0,0.16927710843373495,0
0.0,-0.5022493573264781,0
0.0,0.04156626506024096,0
0.0,-0.2930591259640103,0
0.0,0.34186746987951805,0
0.0,0.5780120481927711,0
0.0,0.44608433734939756,0
0.1272727272727272,0.9674698795180723,1
0.0,-0.583547557840617,0
0.0,-0.6886246786632391,0
0.5,0.4930722891566265,1
0.0,-0.4180591259640103,0
0.0,0.07921686746987952,0
0.0,-0.3287275064267352,0
0.125,0.8120481927710843,1
0.0,-0.7429305912596401,0
0.0,0.32379518072289154,0
0.0565476190476189,0.8680722891566265,1
0.4777777777777777,0.9530120481927711,1
-0.2708333333333333,0.8496987951807229,0
0.0,0.15090361445783132,0
0.0,-0.10250642673521848,0
0.0,-0.46850899742930596,0
0.0,-0.8708226221079691,0
0.0,0.16777108433734939,0
0.0,0.0,0
-0.1071428571428571,-0.6770565552699228,0
0.1666666666666667,0.7237951807228916,1
0.0,-0.6394601542416453,0
0.4166666666666666,0.8536144578313253,1
0.3286056049213943,0.8855421686746988,1
0.0,-0.39010282776349614,0
0.0,-0.3740359897172236,0
0.0,0.4707831325301205,0
-0.0679820179820178,-0.9392673521850899,0
0.0,-0.7275064267352185,0
0.0833333333333333,0.12289156626506025,1
0.0333333333333333,0.8792168674698795,1
0.1420918367346938,0.7412650602409638,1
0.0,0.6349397590361445,0
0.5,0.7843373493975904,1
0.0,-0.7570694087403599,0
0.0,-0.7480719794344473,0
0.0,0.07439759036144579,0
0.0,0.45572289156626505,0
0.0,0.6370481927710844,0
0.0,-0.08804627249357322,0
0.0,0.7156626506024096,0
0.1178787878787878,0.8099397590361446,1
0.0,-0.5751928020565553,0
0.0,0.5906626506024096,0
0.0,0.3557228915662651,0
0.0,-0.4530848329048843,0
0.0,0.21325301204819277,0
0.0,-0.07101542416452444,0
0.0,-0.16677377892030854,0
-0.3333333333333332,-0.9967866323907455,0
0.0,-0.06330334190231357,0
0.0,0.01746987951807229,0
-0.1666666666666666,-0.9768637532133676,0
0.0,0.047289156626506026,0
0.0,0.5358433734939759,0
0.1253189792663476,0.952710843373494,1
0.0,0.5484939759036145,0
0.3333333333333333,0.9129518072289157,1
0.0,0.3364457831325301,0
0.0,-0.778598971722365,0
1.0,0.9424698795180723,1
0.0238095238095238,0.7746987951807229,1
-0.0416666666666667,-0.6606683804627249,0
0.0,0.0,0
0.0,-0.804305912596401,0
0.0333333333333333,-0.9479434447300771,1
0.0,0.38162650602409637,0
0.0,0.43373493975903615,0
0.0,0.09969879518072289,0
-0.5,-0.8531491002570695,0
0.0,-0.20276349614395883,0
0.0833333333333333,0.1789156626506024,1
0.0,-0.12017994858611825,0
0.0,-0.5568766066838047,0
0.0,-0.24453727506426737,0
0.0,0.1493975903614458,0
0.4343915343915343,0.8897590361445783,1
0.0,-0.42223650385604117,0
0.0833333333333333,0.5542168674698795,1
0.0,-0.3849614395886889,0
0.0,0.1716867469879518,0
-0.25,-0.8139460154241646,0
0.0,-0.484254498714653,0
0.0,0.5430722891566265,0
0.4999999999999999,0.8412650602409638,1
0.0,-0.2506426735218509,0
0.0,0.42289156626506025,0
0.5,0.6671686746987951,1
0.4499999999999999,0.9659638554216867,1
0.2222222222222222,0.9171686746987951,1
-0.25,0.23343373493975902,0
0.0,-0.3447943444730077,0
-0.5,-0.8862467866323908,0
-0.0571428571428571,-0.8505784061696658,0
0.1666666666666667,0.8993975903614457,1
0.0,0.37078313253012046,0
0.0416666666666666,0.677710843373494,1
0.9285714285714286,0.9689759036144578,1
0.0,0.0,0
0.0333333333333333,0.5506024096385542,1
0.0,-0.5504498714652957,0
0.8333333333333334,0.7204819277108434,1
0.0,0.583433734939759,0
0.0571428571428571,-0.23264781491002573,1
0.0,-0.4376606683804627,0
0.0,-0.23425449871465298,0
0.0,0.2936746987951807,0
0.0,-0.11600257069408737,0
0.0,-0.8785347043701799,0
0.0,-0.400706940874036,0
0.0,0.2936746987951807,0
0.0,-0.5340616966580977,0
0.0,0.21807228915662652,0
0.2564102564102564,0.8596385542168675,1
0.0,-0.6555269922879177,0
0.0,-0.787917737789203,0
0.0,-0.016066838046272514,0
0.0,-0.5462724935732648,0
0.0,-0.28502570694087404,0
0.0,-0.884318766066838,0
0.0,0.011144578313253013,0
0.0,0.2780120481927711,0
0.0,0.44487951807228915,0
0.3666666666666667,-0.2606041131105399,1
0.0,-0.3030205655526992,0
0.24,0.9560240963855422,1
0.0,-0.7789203084832905,0
0.0952380952380952,0.7737951807228916,1
-0.375,-0.8997429305912596,0
0.0,0.0855421686746988,0
0.0,-0.14974293059125965,0
0.0,-0.6735218508997429,0
0.0,-0.08804627249357322,0
0.0,0.15481927710843374,0
0.0,0.7439759036144579,0
0.0,-0.09415167095115684,0
0.0,-0.6401028277634961,0
0.5,0.5349397590361445,1
0.0,-0.45951156812339333,0
0.0,0.49337349397590363,0
0.0909090909090908,0.17048192771084336,1
0.0,0.344578313253012,0
-0.2833333333333333,-0.9858611825192802,0
0.0,0.10753012048192771,0
0.1777777777777777,0.7343373493975903,1
0.0909090909090909,0.5102409638554217,1
0.0013528138528138,-0.46208226221079696,1
0.0,0.2674698795180723,0
0.0,0.12018072289156627,0
0.0,-0.2998071979434447,0
0.0,0.5774096385542169,0
0.0,-0.3181233933161953,0
0.0,0.0,0
0.0,0.025903614457831327,0
0.0,-0.5302056555269923,0
0.0,-0.2834190231362468,0
0.0,-0.6818766066838047,0
0.0,-0.5099614395886889,0
0.0,-0.8216580976863753,0
-0.0140350877192982,-0.9983933161953727,0
0.0426944971537002,0.6343373493975903,1
0.0,0.3322289156626506,0
0.0,-0.9848971722365039,0
0.0,-0.3688946015424165,0
-0.6904761904761905,-0.9354113110539846,0
0.1083333333333333,0.8421686746987952,1
-0.3333333333333333,-0.6950514138817481,0
0.0,0.08795180722891566,0
0.1666666666666667,0.7367469879518073,1
0.0,-0.884318766066838,0
0.0,0.4819277108433735,0
0.0,0.5162650602409639,0
0.0,-0.3194087403598972,0
0.007936507936508,-0.9813624678663239,1
0.0,-0.8926735218508998,0
0.0,0.38674698795180723,0
0.0,-0.6394601542416453,0
0.0904966177198483,0.8536144578313253,1
0.0,-0.6208226221079691,0
0.0,0.058433734939759036,0
0.171875,0.9442771084337349,1
0.5,0.702710843373494,1
0.0,-0.1246786632390745,0
0.0,-0.6873393316195373,0
-0.0416666666666665,-0.6735218508997429,0
0.0,0.6382530120481927,0
0.0,-0.02699228791773778,0
0.0,0.1927710843373494,0
0.0,-0.048521850899742924,0
0.0,0.12018072289156627,0
-0.2539682539682539,-0.7760282776349614,0
0.0,0.2647590361445783,0
0.0,0.5936746987951808,0
0.0,0.327710843373494,0
0.3333333333333333,0.3216867469879518,1
0.0,-0.05848329048843193,0
0.0194444444444443,0.4731927710843373,1
0.0,0.19096385542168676,0
0.5,0.8728915662650603,1
0.1542774685631829,0.930421686746988,1
0.0,0.4075301204819277,0
0.0,0.7292168674698796,0
0.0,-0.6086118251928021,0
0.0,-0.2834190231362468,0
0.0,0.43042168674698794,0
0.0,0.594578313253012,0
0.0,0.25903614457831325,0
0.2428571428571428,0.7921686746987951,1
0.6666666666666667,0.8509036144578314,1
0.0833333333333333,0.8006024096385542,1
0.0,-0.9392673521850899,0
-0.3,-0.7718508997429305,0
0.0,0.12891566265060242,0
0.0,-0.643637532133676,0
0.0,0.26867469879518074,0
0.0,-0.7991645244215938,0
0.0,0.27349397590361446,0
0.0,0.45572289156626505,0
0.0,-0.6680591259640103,0
0.1666666666666667,-0.06330334190231357,1
0.0,0.28825301204819276,0
0.0,-0.3322622107969152,0
0.5,0.6259036144578313,1
0.0,-0.5453084832904884,0
0.0,-0.18348329048843193,0
0.0,0.05271084337349398,0
0.0,0.2548192771084337,0
0.0,0.2099397590361446,0
0.0,0.44969879518072287,0
-0.6666666666666667,-0.9158097686375322,0
-0.1666666666666666,-0.8994215938303342,0
0.0,0.5147590361445783,0
0.0,0.5557228915662651,0
0.0,0.3481927710843373,0
0.0,0.4644578313253012,0
0.0,0.2768072289156627,0
-0.5653846153846154,-0.9929305912596401,0
0.0,-0.12210796915167099,0
0.5,0.12289156626506025,1
0.0926282051282052,0.9234939759036145,1
0.0,-0.17994858611825193,0
0.0222222222222222,-0.5241002570694087,1
1.0,0.9406626506024096,1
0.3428571428571428,0.9716867469879518,1
0.0,-0.29048843187660667,0
0.0,0.5391566265060241,0
0.0,0.2993975903614458,0
0.0,-0.19858611825192807,0
0.0,0.3009036144578313,0
0.1126803479744655,0.9716867469879518,1
0.0,-0.375,0
0.0,0.7963855421686747,0
0.0,0.37078313253012046,0
0.0416666666666666,0.4539156626506024,1
0.5,0.8837349397590362,1
0.0,-0.18894601542416456,0
-0.1666666666666667,-0.04145244215938304,0
0.0,-0.24132390745501286,0
0.0,-0.26446015424164526,0
0.0,-0.11246786632390748,0
0.3095238095238095,0.9394578313253013,1
0.0,-0.3152313624678663,0
-0.3712121212121211,-0.9254498714652957,0
0.0,-0.39363753213367614,0
0.0652777777777777,0.7367469879518073,1
0.0,-0.41966580976863754,0
0.0,-0.18284061696658094,0
0.0,-0.2969151670951157,0
0.05,0.19879518072289157,1
0.0,-0.22750642673521848,0
-0.25,-0.5269922879177378,0
0.0,-0.4974293059125964,0
0.0,-0.1876606683804627,0
0.0,-0.5983290488431876,0
0.0,0.2183734939759036,0
0.5,0.8496987951807229,1
0.0,0.2635542168674699,0
0.0833333333333332,-0.8197300771208227,1
0.0,0.48102409638554217,0
0.0370370370370369,0.5725903614457831,1
0.0,0.009939759036144578,0
0.0,0.2680722891566265,0
0.0,0.24457831325301205,0
0.0,0.23403614457831326,0
0.0,0.23403614457831326,0
0.0,-0.3650385604113111,0
0.5,0.5786144578313253,1
0.0,0.6210843373493976,0
0.3333333333333332,0.9843373493975903,1
0.0,-0.33997429305912596,0
0.0,-0.4119537275064268,0
0.1666666666666667,0.6587349397590362,1
0.0,-0.9765424164524421,0
-0.0833333333333333,0.38403614457831325,0
0.0,-0.3425449871465296,0
0.5,0.6852409638554217,1
-0.1666666666666667,-0.45886889460154245,0
0.5555555555555556,0.980722891566265,1
0.0,0.1786144578313253,0
0.0,-0.18348329048843193,0
0.5041666666666667,0.9876506024096385,1
0.0,-0.06266066838046269,0
0.0833333333333333,0.8719879518072289,1
0.1666666666666667,0.702710843373494,1
0.1271428571428571,0.5906626506024096,1
0.0,-0.27410025706940877,0
0.0,-0.4765424164524421,0
0.0,-0.2959511568123393,0
0.0,-0.952120822622108,0
0.75,0.8352409638554217,1
0.0,0.4566265060240964,0
0.0,-0.7390745501285347,0
0.0399068322981366,0.5156626506024097,1
0.0,-0.2773136246786633,0
0.0,0.7454819277108434,0
-0.6666666666666667,-0.8296915167095116,0
0.0,0.6409638554216868,0
0.0,-0.06683804627249357,0
-0.0714285714285714,-0.9858611825192802,0
0.0,0.6412650602409639,0
0.0,0.19939759036144578,0
0.0,-0.6221079691516709,0
0.5,0.9623493975903614,1
0.0,-0.07487146529562982,0
0.0,-0.025385604113110527,0
0.0,0.5141566265060241,0
0.1666666666666667,0.6379518072289156,1
0.0,-0.5501285347043702,0
0.0,-0.6735218508997429,0
0.0,0.7135542168674699,0
0.1090909090909091,0.9129518072289157,1
0.0,0.1572289156626506,0
0.0,-0.2271850899742931,0
0.1333333333333333,-0.45951156812339333,1
0.0,0.03042168674698795,0
0.2768518518518519,0.9728915662650602,1
0.0,-0.17866323907455017,0
0.0,-0.18508997429305918,0
0.0,0.38162650602409637,0
0.0833333333333332,0.8156626506024096,1
0.0,0.5951807228915663,0
0.0,-0.18155526992287918,0
0.2222222222222222,0.3813253012048193,1
0.0,0.2569277108433735,0
0.0,-0.544344473007712,0
0.1666666666666666,-0.8386889460154241,1
0.0,0.17319277108433734,0
0.0,-0.5568766066838047,0
0.0,-0.02410025706940877,0
0.0223362658846529,-0.7194730077120823,1
0.0,-0.342866323907455,0
-0.5,-0.7461439588688946,0
0.0,0.42680722891566264,0
0.0833333333333333,0.9993975903614458,1
0.0,0.691566265060241,0
0.0,-0.5520565552699228,0
0.0,-0.2959511568123393,0
0.0,-0.04659383033419018,0
0.0,0.43734939759036146,0
